distance,rounds,prior,method,calibrator,bin,mean_q,observed,count
3,1,rl,exact,isotonic,0,2.49988e-05,7.40741e-05,27000
3,1,rl,exact,isotonic,1,2.49988e-05,3.7037e-05,27000
3,1,rl,exact,isotonic,2,2.49988e-05,7.40741e-05,27000
3,1,rl,exact,isotonic,3,2.49988e-05,0,27000
3,1,rl,exact,isotonic,4,2.49988e-05,0,27000
3,1,rl,exact,isotonic,5,4.44031e-05,3.7037e-05,27000
3,1,rl,exact,isotonic,6,5.61988e-05,3.7037e-05,27000
3,1,rl,exact,isotonic,7,8.12078e-05,7.40741e-05,27000
3,1,rl,exact,isotonic,8,0.00197288,0.0022963,27000
3,1,rl,exact,isotonic,9,0.0592997,0.0592963,27000
3,1,rl,exact,platt,0,5.3643e-06,3.7037e-05,27000
3,1,rl,exact,platt,1,9.20592e-06,0,27000
3,1,rl,exact,platt,2,1.81963e-05,0,27000
3,1,rl,exact,platt,3,3.4062e-05,0.000148148,27000
3,1,rl,exact,platt,4,4.09937e-05,3.7037e-05,27000
3,1,rl,exact,platt,5,4.81115e-05,0,27000
3,1,rl,exact,platt,6,5.96654e-05,0,27000
3,1,rl,exact,platt,7,9.66282e-05,3.7037e-05,27000
3,1,rl,exact,platt,8,0.00230847,0.00314815,27000
3,1,rl,exact,platt,9,0.0583702,0.0585185,27000
3,1,rl,exact,raw,0,2.70402e-06,0,27000
3,1,rl,exact,raw,1,3.28137e-06,3.7037e-05,27000
3,1,rl,exact,raw,2,3.81516e-06,0,27000
3,1,rl,exact,raw,3,4.31969e-06,3.7037e-05,27000
3,1,rl,exact,raw,4,5.13055e-06,3.7037e-05,27000
3,1,rl,exact,raw,5,6.20855e-06,7.40741e-05,27000
3,1,rl,exact,raw,6,7.13346e-06,0,27000
3,1,rl,exact,raw,7,1.03531e-05,0.000111111,27000
3,1,rl,exact,raw,8,0.000845552,0.00255556,27000
3,1,rl,exact,raw,9,0.0359021,0.0590741,27000
3,1,rl,exact,temperature,0,7.08627e-06,0,27000
3,1,rl,exact,temperature,1,1.26913e-05,3.7037e-05,27000
3,1,rl,exact,temperature,2,1.80375e-05,0,27000
3,1,rl,exact,temperature,3,2.60294e-05,3.7037e-05,27000
3,1,rl,exact,temperature,4,3.0125e-05,0,27000
3,1,rl,exact,temperature,5,3.54948e-05,0,27000
3,1,rl,exact,temperature,6,4.76901e-05,0,27000
3,1,rl,exact,temperature,7,0.000256214,0.000185185,27000
3,1,rl,exact,temperature,8,0.00244635,0.00311111,27000
3,1,rl,exact,temperature,9,0.0561261,0.0585556,27000
3,1,rl,mwpm_gap,isotonic,0,2.49988e-05,7.40741e-05,27000
3,1,rl,mwpm_gap,isotonic,1,2.49988e-05,3.7037e-05,27000
3,1,rl,mwpm_gap,isotonic,2,2.49988e-05,7.40741e-05,27000
3,1,rl,mwpm_gap,isotonic,3,2.49988e-05,0,27000
3,1,rl,mwpm_gap,isotonic,4,2.49988e-05,0,27000
3,1,rl,mwpm_gap,isotonic,5,4.48614e-05,0,27000
3,1,rl,mwpm_gap,isotonic,6,5.62474e-05,3.7037e-05,27000
3,1,rl,mwpm_gap,isotonic,7,8.28202e-05,7.40741e-05,27000
3,1,rl,mwpm_gap,isotonic,8,0.00214948,0.00225926,27000
3,1,rl,mwpm_gap,isotonic,9,0.0590841,0.0602963,27000
3,1,rl,mwpm_gap,platt,0,7.98717e-06,3.7037e-05,27000
3,1,rl,mwpm_gap,platt,1,1.3761e-05,0,27000
3,1,rl,mwpm_gap,platt,2,2.05181e-05,0,27000
3,1,rl,mwpm_gap,platt,3,2.37975e-05,0,27000
3,1,rl,mwpm_gap,platt,4,3.49925e-05,0,27000
3,1,rl,mwpm_gap,platt,5,4.52916e-05,0,27000
3,1,rl,mwpm_gap,platt,6,5.1481e-05,0.000111111,27000
3,1,rl,mwpm_gap,platt,7,0.000109663,0.000111111,27000
3,1,rl,mwpm_gap,platt,8,0.00227082,0.00303704,27000
3,1,rl,mwpm_gap,platt,9,0.0589522,0.0595556,27000
3,1,rl,mwpm_gap,raw,0,8.92212e-07,0,27000
3,1,rl,mwpm_gap,raw,1,1.31615e-06,3.7037e-05,27000
3,1,rl,mwpm_gap,raw,2,1.67778e-06,0,27000
3,1,rl,mwpm_gap,raw,3,2.02866e-06,3.7037e-05,27000
3,1,rl,mwpm_gap,raw,4,2.25635e-06,0,27000
3,1,rl,mwpm_gap,raw,5,2.56227e-06,0.000111111,27000
3,1,rl,mwpm_gap,raw,6,3.40407e-06,0,27000
3,1,rl,mwpm_gap,raw,7,4.64039e-06,0.000111111,27000
3,1,rl,mwpm_gap,raw,8,0.000581588,0.00296296,27000
3,1,rl,mwpm_gap,raw,9,0.0320683,0.0595926,27000
3,1,rl,mwpm_gap,temperature,0,6.03035e-06,0,27000
3,1,rl,mwpm_gap,temperature,1,1.25117e-05,3.7037e-05,27000
3,1,rl,mwpm_gap,temperature,2,1.70938e-05,0,27000
3,1,rl,mwpm_gap,temperature,3,2.46072e-05,0,27000
3,1,rl,mwpm_gap,temperature,4,2.71565e-05,3.7037e-05,27000
3,1,rl,mwpm_gap,temperature,5,3.1476e-05,0,27000
3,1,rl,mwpm_gap,temperature,6,5.10686e-05,0,27000
3,1,rl,mwpm_gap,temperature,7,0.000281313,0.000185185,27000
3,1,rl,mwpm_gap,temperature,8,0.00237319,0.00277778,27000
3,1,rl,mwpm_gap,temperature,9,0.0572978,0.0598148,27000
3,1,si1000,exact,isotonic,0,2.49988e-05,3.7037e-05,27000
3,1,si1000,exact,isotonic,1,2.49988e-05,3.7037e-05,27000
3,1,si1000,exact,isotonic,2,2.49988e-05,3.7037e-05,27000
3,1,si1000,exact,isotonic,3,2.49988e-05,0,27000
3,1,si1000,exact,isotonic,4,2.49988e-05,0,27000
3,1,si1000,exact,isotonic,5,4.4287e-05,0,27000
3,1,si1000,exact,isotonic,6,5.57762e-05,0.000148148,27000
3,1,si1000,exact,isotonic,7,7.89536e-05,7.40741e-05,27000
3,1,si1000,exact,isotonic,8,0.00230315,0.00285185,27000
3,1,si1000,exact,isotonic,9,0.058644,0.0581852,27000
3,1,si1000,exact,platt,0,7.69242e-06,3.7037e-05,27000
3,1,si1000,exact,platt,1,1.3365e-05,0,27000
3,1,si1000,exact,platt,2,2.46938e-05,0,27000
3,1,si1000,exact,platt,3,3.44757e-05,3.7037e-05,27000
3,1,si1000,exact,platt,4,4.27343e-05,0,27000
3,1,si1000,exact,platt,5,5.41962e-05,0,27000
3,1,si1000,exact,platt,6,7.10673e-05,0,27000
3,1,si1000,exact,platt,7,0.000243641,3.7037e-05,27000
3,1,si1000,exact,platt,8,0.00280382,0.00348148,27000
3,1,si1000,exact,platt,9,0.0577642,0.0577778,27000
3,1,si1000,exact,raw,0,1.76489e-06,0,27000
3,1,si1000,exact,raw,1,1.76489e-06,0,27000
3,1,si1000,exact,raw,2,1.76489e-06,3.7037e-05,27000
3,1,si1000,exact,raw,3,1.76489e-06,0,27000
3,1,si1000,exact,raw,4,1.79987e-06,0.000111111,27000
3,1,si1000,exact,raw,5,1.80684e-06,7.40741e-05,27000
3,1,si1000,exact,raw,6,1.80684e-06,3.7037e-05,27000
3,1,si1000,exact,raw,7,1.80684e-06,0,27000
3,1,si1000,exact,raw,8,0.000566129,0.00322222,27000
3,1,si1000,exact,raw,9,0.0256405,0.0578889,27000
3,1,si1000,exact,temperature,0,9.40993e-06,0,27000
3,1,si1000,exact,temperature,1,1.30404e-05,3.7037e-05,27000
3,1,si1000,exact,temperature,2,2.29991e-05,0,27000
3,1,si1000,exact,temperature,3,2.80823e-05,0,27000
3,1,si1000,exact,temperature,4,3.46092e-05,3.7037e-05,27000
3,1,si1000,exact,temperature,5,5.4023e-05,0,27000
3,1,si1000,exact,temperature,6,7.27046e-05,0,27000
3,1,si1000,exact,temperature,7,0.000348911,0.000148148,27000
3,1,si1000,exact,temperature,8,0.00320339,0.00337037,27000
3,1,si1000,exact,temperature,9,0.0555707,0.0577778,27000
3,1,si1000,mwpm_gap,isotonic,0,2.49988e-05,3.7037e-05,27000
3,1,si1000,mwpm_gap,isotonic,1,2.49988e-05,3.7037e-05,27000
3,1,si1000,mwpm_gap,isotonic,2,2.49988e-05,3.7037e-05,27000
3,1,si1000,mwpm_gap,isotonic,3,2.49988e-05,0,27000
3,1,si1000,mwpm_gap,isotonic,4,2.49988e-05,0,27000
3,1,si1000,mwpm_gap,isotonic,5,4.47871e-05,0,27000
3,1,si1000,mwpm_gap,isotonic,6,5.59048e-05,0.000148148,27000
3,1,si1000,mwpm_gap,isotonic,7,8.06913e-05,7.40741e-05,27000
3,1,si1000,mwpm_gap,isotonic,8,0.00236077,0.003,27000
3,1,si1000,mwpm_gap,isotonic,9,0.0589082,0.0579259,27000
3,1,si1000,mwpm_gap,platt,0,6.22254e-06,0,27000
3,1,si1000,mwpm_gap,platt,1,1.5194e-05,3.7037e-05,27000
3,1,si1000,mwpm_gap,platt,2,2.69262e-05,0,27000
3,1,si1000,mwpm_gap,platt,3,3.71227e-05,3.7037e-05,27000
3,1,si1000,mwpm_gap,platt,4,4.39992e-05,0,27000
3,1,si1000,mwpm_gap,platt,5,6.07192e-05,0,27000
3,1,si1000,mwpm_gap,platt,6,7.25289e-05,3.7037e-05,27000
3,1,si1000,mwpm_gap,platt,7,0.000243905,0,27000
3,1,si1000,mwpm_gap,platt,8,0.00274465,0.00374074,27000
3,1,si1000,mwpm_gap,platt,9,0.0584426,0.0574074,27000
3,1,si1000,mwpm_gap,raw,0,8.2706e-07,0,27000
3,1,si1000,mwpm_gap,raw,1,8.2706e-07,0,27000
3,1,si1000,mwpm_gap,raw,2,8.2706e-07,3.7037e-05,27000
3,1,si1000,mwpm_gap,raw,3,8.2706e-07,0,27000
3,1,si1000,mwpm_gap,raw,4,9.1545e-07,0.000111111,27000
3,1,si1000,mwpm_gap,raw,5,9.33052e-07,7.40741e-05,27000
3,1,si1000,mwpm_gap,raw,6,9.33052e-07,3.7037e-05,27000
3,1,si1000,mwpm_gap,raw,7,9.33052e-07,0,27000
3,1,si1000,mwpm_gap,raw,8,0.000418883,0.00311111,27000
3,1,si1000,mwpm_gap,raw,9,0.0236054,0.0578889,27000
3,1,si1000,mwpm_gap,temperature,0,8.35236e-06,3.7037e-05,27000
3,1,si1000,mwpm_gap,temperature,1,1.16093e-05,0,27000
3,1,si1000,mwpm_gap,temperature,2,2.05908e-05,0,27000
3,1,si1000,mwpm_gap,temperature,3,2.54153e-05,0,27000
3,1,si1000,mwpm_gap,temperature,4,3.17147e-05,3.7037e-05,27000
3,1,si1000,mwpm_gap,temperature,5,5.17823e-05,0,27000
3,1,si1000,mwpm_gap,temperature,6,6.70181e-05,0,27000
3,1,si1000,mwpm_gap,temperature,7,0.000315481,0.000148148,27000
3,1,si1000,mwpm_gap,temperature,8,0.00305275,0.00381481,27000
3,1,si1000,mwpm_gap,temperature,9,0.0570496,0.0572222,27000
3,10,rl,mwpm_gap,isotonic,0,0.000167788,0.000518519,27000
3,10,rl,mwpm_gap,isotonic,1,0.000616707,0.000555556,27000
3,10,rl,mwpm_gap,isotonic,2,0.00347704,0.00392593,27000
3,10,rl,mwpm_gap,isotonic,3,0.0222304,0.0246296,27000
3,10,rl,mwpm_gap,isotonic,4,0.0357358,0.0391481,27000
3,10,rl,mwpm_gap,isotonic,5,0.0489389,0.0491111,27000
3,10,rl,mwpm_gap,isotonic,6,0.0660805,0.0657037,27000
3,10,rl,mwpm_gap,isotonic,7,0.0917978,0.0914815,27000
3,10,rl,mwpm_gap,isotonic,8,0.156784,0.157148,27000
3,10,rl,mwpm_gap,isotonic,9,0.382858,0.381741,27000
3,10,rl,mwpm_gap,platt,0,8.46877e-05,0.000222222,27000
3,10,rl,mwpm_gap,platt,1,0.000362005,0.000740741,27000
3,10,rl,mwpm_gap,platt,2,0.00338716,0.00344444,27000
3,10,rl,mwpm_gap,platt,3,0.0190739,0.0267037,27000
3,10,rl,mwpm_gap,platt,4,0.0349866,0.038,27000
3,10,rl,mwpm_gap,platt,5,0.05114,0.0525185,27000
3,10,rl,mwpm_gap,platt,6,0.068559,0.0648889,27000
3,10,rl,mwpm_gap,platt,7,0.103705,0.0952222,27000
3,10,rl,mwpm_gap,platt,8,0.166673,0.155148,27000
3,10,rl,mwpm_gap,platt,9,0.35962,0.377074,27000
3,10,rl,mwpm_gap,raw,0,8.07392e-06,0.00037037,27000
3,10,rl,mwpm_gap,raw,1,2.95094e-05,0.000518519,27000
3,10,rl,mwpm_gap,raw,2,0.000630011,0.00366667,27000
3,10,rl,mwpm_gap,raw,3,0.00666671,0.0288148,27000
3,10,rl,mwpm_gap,raw,4,0.0137187,0.0384444,27000
3,10,rl,mwpm_gap,raw,5,0.0205084,0.0516296,27000
3,10,rl,mwpm_gap,raw,6,0.0305319,0.0683704,27000
3,10,rl,mwpm_gap,raw,7,0.0531075,0.0888148,27000
3,10,rl,mwpm_gap,raw,8,0.11037,0.16037,27000
3,10,rl,mwpm_gap,raw,9,0.318024,0.372963,27000
3,10,rl,mwpm_gap,temperature,0,0.00010033,0.000222222,27000
3,10,rl,mwpm_gap,temperature,1,0.000365447,0.000851852,27000
3,10,rl,mwpm_gap,temperature,2,0.00334172,0.00348148,27000
3,10,rl,mwpm_gap,temperature,3,0.0190803,0.0271111,27000
3,10,rl,mwpm_gap,temperature,4,0.0352344,0.038,27000
3,10,rl,mwpm_gap,temperature,5,0.0513345,0.052037,27000
3,10,rl,mwpm_gap,temperature,6,0.0689342,0.0646296,27000
3,10,rl,mwpm_gap,temperature,7,0.103427,0.0945556,27000
3,10,rl,mwpm_gap,temperature,8,0.167091,0.157,27000
3,10,rl,mwpm_gap,temperature,9,0.356034,0.376074,27000
3,10,si1000,mwpm_gap,isotonic,0,0.000161265,0.000518519,27000
3,10,si1000,mwpm_gap,isotonic,1,0.000624659,0.000592593,27000
3,10,si1000,mwpm_gap,isotonic,2,0.00354727,0.00359259,27000
3,10,si1000,mwpm_gap,isotonic,3,0.0251879,0.0281852,27000
3,10,si1000,mwpm_gap,isotonic,4,0.0410625,0.0416296,27000
3,10,si1000,mwpm_gap,isotonic,5,0.0505951,0.0534444,27000
3,10,si1000,mwpm_gap,isotonic,6,0.0602092,0.0603704,27000
3,10,si1000,mwpm_gap,isotonic,7,0.0865893,0.0860741,27000
3,10,si1000,mwpm_gap,isotonic,8,0.157061,0.156741,27000
3,10,si1000,mwpm_gap,isotonic,9,0.422421,0.420111,27000
3,10,si1000,mwpm_gap,platt,0,7.7241e-05,0.000185185,27000
3,10,si1000,mwpm_gap,platt,1,0.000320374,0.000777778,27000
3,10,si1000,mwpm_gap,platt,2,0.00267106,0.00377778,27000
3,10,si1000,mwpm_gap,platt,3,0.0252021,0.0299259,27000
3,10,si1000,mwpm_gap,platt,4,0.0412006,0.0447778,27000
3,10,si1000,mwpm_gap,platt,5,0.0507496,0.0535926,27000
3,10,si1000,mwpm_gap,platt,6,0.0655147,0.0590741,27000
3,10,si1000,mwpm_gap,platt,7,0.0886605,0.0847778,27000
3,10,si1000,mwpm_gap,platt,8,0.164028,0.157519,27000
3,10,si1000,mwpm_gap,platt,9,0.409813,0.416852,27000
3,10,si1000,mwpm_gap,raw,0,8.40034e-07,0.000222222,27000
3,10,si1000,mwpm_gap,raw,1,3.18133e-06,0.000740741,27000
3,10,si1000,mwpm_gap,raw,2,8.20054e-05,0.00414815,27000
3,10,si1000,mwpm_gap,raw,3,0.00331264,0.0302222,27000
3,10,si1000,mwpm_gap,raw,4,0.00581315,0.0520741,27000
3,10,si1000,mwpm_gap,raw,5,0.00795658,0.0601852,27000
3,10,si1000,mwpm_gap,raw,6,0.011544,0.0552963,27000
3,10,si1000,mwpm_gap,raw,7,0.0165195,0.0785185,27000
3,10,si1000,mwpm_gap,raw,8,0.0555462,0.152704,27000
3,10,si1000,mwpm_gap,raw,9,0.294768,0.417148,27000
3,10,si1000,mwpm_gap,temperature,0,0.000149928,0.000111111,27000
3,10,si1000,mwpm_gap,temperature,1,0.000527398,0.000888889,27000
3,10,si1000,mwpm_gap,temperature,2,0.00352235,0.00366667,27000
3,10,si1000,mwpm_gap,temperature,3,0.0278207,0.0298519,27000
3,10,si1000,mwpm_gap,temperature,4,0.043603,0.0457037,27000
3,10,si1000,mwpm_gap,temperature,5,0.0526598,0.053,27000
3,10,si1000,mwpm_gap,temperature,6,0.0668826,0.059963,27000
3,10,si1000,mwpm_gap,temperature,7,0.0883307,0.0838519,27000
3,10,si1000,mwpm_gap,temperature,8,0.155799,0.156963,27000
3,10,si1000,mwpm_gap,temperature,9,0.36886,0.417259,27000
3,30,rl,mwpm_gap,isotonic,0,0.0400662,0.0435556,27000
3,30,rl,mwpm_gap,isotonic,1,0.0881398,0.0895926,27000
3,30,rl,mwpm_gap,isotonic,2,0.115144,0.112704,27000
3,30,rl,mwpm_gap,isotonic,3,0.136934,0.138519,27000
3,30,rl,mwpm_gap,isotonic,4,0.171785,0.174741,27000
3,30,rl,mwpm_gap,isotonic,5,0.212569,0.215519,27000
3,30,rl,mwpm_gap,isotonic,6,0.265152,0.269852,27000
3,30,rl,mwpm_gap,isotonic,7,0.354734,0.355259,27000
3,30,rl,mwpm_gap,isotonic,8,0.43672,0.440185,27000
3,30,rl,mwpm_gap,isotonic,9,0.514462,0.502296,27000
3,30,rl,mwpm_gap,platt,0,0.043496,0.0447778,27000
3,30,rl,mwpm_gap,platt,1,0.0885239,0.0901111,27000
3,30,rl,mwpm_gap,platt,2,0.113953,0.117222,27000
3,30,rl,mwpm_gap,platt,3,0.149061,0.138778,27000
3,30,rl,mwpm_gap,platt,4,0.179854,0.182963,27000
3,30,rl,mwpm_gap,platt,5,0.222411,0.230074,27000
3,30,rl,mwpm_gap,platt,6,0.267208,0.258963,27000
3,30,rl,mwpm_gap,platt,7,0.336126,0.367,27000
3,30,rl,mwpm_gap,platt,8,0.423927,0.42437,27000
3,30,rl,mwpm_gap,platt,9,0.51182,0.487963,27000
3,30,rl,mwpm_gap,raw,0,0.00873687,0.0473704,27000
3,30,rl,mwpm_gap,raw,1,0.0216491,0.0894074,27000
3,30,rl,mwpm_gap,raw,2,0.0324017,0.119407,27000
3,30,rl,mwpm_gap,raw,3,0.0489452,0.146778,27000
3,30,rl,mwpm_gap,raw,4,0.0661744,0.17363,27000
3,30,rl,mwpm_gap,raw,5,0.0995521,0.235296,27000
3,30,rl,mwpm_gap,raw,6,0.159152,0.269926,27000
3,30,rl,mwpm_gap,raw,7,0.226496,0.340037,27000
3,30,rl,mwpm_gap,raw,8,0.334742,0.433926,27000
3,30,rl,mwpm_gap,raw,9,0.450444,0.486444,27000
3,30,rl,mwpm_gap,temperature,0,0.0457299,0.046037,27000
3,30,rl,mwpm_gap,temperature,1,0.0911489,0.0896667,27000
3,30,rl,mwpm_gap,temperature,2,0.117261,0.116148,27000
3,30,rl,mwpm_gap,temperature,3,0.151307,0.141,27000
3,30,rl,mwpm_gap,temperature,4,0.181204,0.181333,27000
3,30,rl,mwpm_gap,temperature,5,0.221204,0.229111,27000
3,30,rl,mwpm_gap,temperature,6,0.266318,0.257556,27000
3,30,rl,mwpm_gap,temperature,7,0.326414,0.362259,27000
3,30,rl,mwpm_gap,temperature,8,0.403113,0.43263,27000
3,30,rl,mwpm_gap,temperature,9,0.47223,0.486481,27000
3,30,si1000,mwpm_gap,isotonic,0,0.0465224,0.0484074,27000
3,30,si1000,mwpm_gap,isotonic,1,0.0866617,0.0881481,27000
3,30,si1000,mwpm_gap,isotonic,2,0.105351,0.103,27000
3,30,si1000,mwpm_gap,isotonic,3,0.132237,0.13463,27000
3,30,si1000,mwpm_gap,isotonic,4,0.167522,0.17063,27000
3,30,si1000,mwpm_gap,isotonic,5,0.214664,0.220889,27000
3,30,si1000,mwpm_gap,isotonic,6,0.273407,0.275,27000
3,30,si1000,mwpm_gap,isotonic,7,0.357298,0.357704,27000
3,30,si1000,mwpm_gap,isotonic,8,0.463485,0.462667,27000
3,30,si1000,mwpm_gap,isotonic,9,0.549034,0.542222,27000
3,30,si1000,mwpm_gap,platt,0,0.0528397,0.0558889,27000
3,30,si1000,mwpm_gap,platt,1,0.0896322,0.0825185,27000
3,30,si1000,mwpm_gap,platt,2,0.106461,0.103704,27000
3,30,si1000,mwpm_gap,platt,3,0.132453,0.137593,27000
3,30,si1000,mwpm_gap,platt,4,0.166185,0.169889,27000
3,30,si1000,mwpm_gap,platt,5,0.214735,0.221963,27000
3,30,si1000,mwpm_gap,platt,6,0.272839,0.277444,27000
3,30,si1000,mwpm_gap,platt,7,0.363473,0.368667,27000
3,30,si1000,mwpm_gap,platt,8,0.462768,0.455741,27000
3,30,si1000,mwpm_gap,platt,9,0.534056,0.529889,27000
3,30,si1000,mwpm_gap,raw,0,0.00368499,0.0534444,27000
3,30,si1000,mwpm_gap,raw,1,0.0078371,0.098,27000
3,30,si1000,mwpm_gap,raw,2,0.0115783,0.100074,27000
3,30,si1000,mwpm_gap,raw,3,0.0141813,0.141333,27000
3,30,si1000,mwpm_gap,raw,4,0.0231855,0.163741,27000
3,30,si1000,mwpm_gap,raw,5,0.04593,0.229333,27000
3,30,si1000,mwpm_gap,raw,6,0.0845962,0.263444,27000
3,30,si1000,mwpm_gap,raw,7,0.16794,0.365704,27000
3,30,si1000,mwpm_gap,raw,8,0.315543,0.474037,27000
3,30,si1000,mwpm_gap,raw,9,0.440721,0.514185,27000
3,30,si1000,mwpm_gap,temperature,0,0.0594233,0.0531481,27000
3,30,si1000,mwpm_gap,temperature,1,0.0953692,0.085037,27000
3,30,si1000,mwpm_gap,temperature,2,0.113633,0.103593,27000
3,30,si1000,mwpm_gap,temperature,3,0.135669,0.13863,27000
3,30,si1000,mwpm_gap,temperature,4,0.169749,0.17363,27000
3,30,si1000,mwpm_gap,temperature,5,0.212418,0.218852,27000
3,30,si1000,mwpm_gap,temperature,6,0.260097,0.275,27000
3,30,si1000,mwpm_gap,temperature,7,0.334253,0.372111,27000
3,30,si1000,mwpm_gap,temperature,8,0.417245,0.466444,27000
3,30,si1000,mwpm_gap,temperature,9,0.475316,0.516852,27000
3,50,rl,mwpm_gap,isotonic,0,0.0956015,0.101556,27000
3,50,rl,mwpm_gap,isotonic,1,0.152978,0.149778,27000
3,50,rl,mwpm_gap,isotonic,2,0.188181,0.187407,27000
3,50,rl,mwpm_gap,isotonic,3,0.220487,0.217852,27000
3,50,rl,mwpm_gap,isotonic,4,0.263137,0.269407,27000
3,50,rl,mwpm_gap,isotonic,5,0.316859,0.316444,27000
3,50,rl,mwpm_gap,isotonic,6,0.378685,0.375889,27000
3,50,rl,mwpm_gap,isotonic,7,0.43,0.435222,27000
3,50,rl,mwpm_gap,isotonic,8,0.469266,0.47337,27000
3,50,rl,mwpm_gap,isotonic,9,0.508927,0.50237,27000
3,50,rl,mwpm_gap,platt,0,0.104302,0.103741,27000
3,50,rl,mwpm_gap,platt,1,0.159518,0.155074,27000
3,50,rl,mwpm_gap,platt,2,0.195395,0.188704,27000
3,50,rl,mwpm_gap,platt,3,0.227024,0.231556,27000
3,50,rl,mwpm_gap,platt,4,0.266507,0.253667,27000
3,50,rl,mwpm_gap,platt,5,0.311203,0.321407,27000
3,50,rl,mwpm_gap,platt,6,0.361266,0.380259,27000
3,50,rl,mwpm_gap,platt,7,0.413719,0.440593,27000
3,50,rl,mwpm_gap,platt,8,0.467501,0.466148,27000
3,50,rl,mwpm_gap,platt,9,0.517563,0.488148,27000
3,50,rl,mwpm_gap,raw,0,0.0185156,0.108519,27000
3,50,rl,mwpm_gap,raw,1,0.0364587,0.162741,27000
3,50,rl,mwpm_gap,raw,2,0.0553619,0.179519,27000
3,50,rl,mwpm_gap,raw,3,0.0767454,0.231963,27000
3,50,rl,mwpm_gap,raw,4,0.11529,0.277111,27000
3,50,rl,mwpm_gap,raw,5,0.168046,0.29963,27000
3,50,rl,mwpm_gap,raw,6,0.222691,0.381667,27000
3,50,rl,mwpm_gap,raw,7,0.297909,0.431037,27000
3,50,rl,mwpm_gap,raw,8,0.389437,0.470481,27000
3,50,rl,mwpm_gap,raw,9,0.466482,0.48663,27000
3,50,rl,mwpm_gap,temperature,0,0.111482,0.103519,27000
3,50,rl,mwpm_gap,temperature,1,0.164125,0.157519,27000
3,50,rl,mwpm_gap,temperature,2,0.19788,0.18363,27000
3,50,rl,mwpm_gap,temperature,3,0.228241,0.229963,27000
3,50,rl,mwpm_gap,temperature,4,0.265043,0.257296,27000
3,50,rl,mwpm_gap,temperature,5,0.304496,0.324889,27000
3,50,rl,mwpm_gap,temperature,6,0.3523,0.382889,27000
3,50,rl,mwpm_gap,temperature,7,0.39863,0.435111,27000
3,50,rl,mwpm_gap,temperature,8,0.446007,0.467111,27000
3,50,rl,mwpm_gap,temperature,9,0.483664,0.48737,27000
3,50,si1000,mwpm_gap,isotonic,0,0.100157,0.104296,27000
3,50,si1000,mwpm_gap,isotonic,1,0.143631,0.142519,27000
3,50,si1000,mwpm_gap,isotonic,2,0.179239,0.17837,27000
3,50,si1000,mwpm_gap,isotonic,3,0.224499,0.225185,27000
3,50,si1000,mwpm_gap,isotonic,4,0.264409,0.266519,27000
3,50,si1000,mwpm_gap,isotonic,5,0.320611,0.320704,27000
3,50,si1000,mwpm_gap,isotonic,6,0.380484,0.384667,27000
3,50,si1000,mwpm_gap,isotonic,7,0.445979,0.453037,27000
3,50,si1000,mwpm_gap,isotonic,8,0.49215,0.500222,27000
3,50,si1000,mwpm_gap,isotonic,9,0.538795,0.533593,27000
3,50,si1000,mwpm_gap,platt,0,0.109096,0.105148,27000
3,50,si1000,mwpm_gap,platt,1,0.147308,0.144333,27000
3,50,si1000,mwpm_gap,platt,2,0.177349,0.176148,27000
3,50,si1000,mwpm_gap,platt,3,0.225054,0.228778,27000
3,50,si1000,mwpm_gap,platt,4,0.26521,0.271963,27000
3,50,si1000,mwpm_gap,platt,5,0.315007,0.320815,27000
3,50,si1000,mwpm_gap,platt,6,0.382187,0.381815,27000
3,50,si1000,mwpm_gap,platt,7,0.436235,0.459852,27000
3,50,si1000,mwpm_gap,platt,8,0.500905,0.490333,27000
3,50,si1000,mwpm_gap,platt,9,0.532228,0.529926,27000
3,50,si1000,mwpm_gap,raw,0,0.0072829,0.112704,27000
3,50,si1000,mwpm_gap,raw,1,0.0122232,0.148333,27000
3,50,si1000,mwpm_gap,raw,2,0.0163579,0.186556,27000
3,50,si1000,mwpm_gap,raw,3,0.0329802,0.217444,27000
3,50,si1000,mwpm_gap,raw,4,0.061513,0.269963,27000
3,50,si1000,mwpm_gap,raw,5,0.0964231,0.315148,27000
3,50,si1000,mwpm_gap,raw,6,0.164624,0.382889,27000
3,50,si1000,mwpm_gap,raw,7,0.265271,0.455889,27000
3,50,si1000,mwpm_gap,raw,8,0.395471,0.503889,27000
3,50,si1000,mwpm_gap,raw,9,0.455715,0.516296,27000
3,50,si1000,mwpm_gap,temperature,0,0.118854,0.10563,27000
3,50,si1000,mwpm_gap,temperature,1,0.156336,0.143741,27000
3,50,si1000,mwpm_gap,temperature,2,0.183275,0.176889,27000
3,50,si1000,mwpm_gap,temperature,3,0.226742,0.23263,27000
3,50,si1000,mwpm_gap,temperature,4,0.260154,0.267481,27000
3,50,si1000,mwpm_gap,temperature,5,0.305663,0.32,27000
3,50,si1000,mwpm_gap,temperature,6,0.359157,0.398074,27000
3,50,si1000,mwpm_gap,temperature,7,0.407611,0.443704,27000
3,50,si1000,mwpm_gap,temperature,8,0.462533,0.496296,27000
3,50,si1000,mwpm_gap,temperature,9,0.484828,0.524667,27000
5,1,rl,exact,isotonic,0,2.49988e-05,8.33333e-05,12000
5,1,rl,exact,isotonic,1,2.49988e-05,0.000166667,12000
5,1,rl,exact,isotonic,2,2.49988e-05,0,12000
5,1,rl,exact,isotonic,3,2.49988e-05,8.33333e-05,12000
5,1,rl,exact,isotonic,4,2.49988e-05,8.33333e-05,12000
5,1,rl,exact,isotonic,5,2.49988e-05,0.000166667,12000
5,1,rl,exact,isotonic,6,2.49988e-05,8.33333e-05,12000
5,1,rl,exact,isotonic,7,2.49988e-05,8.33333e-05,12000
5,1,rl,exact,isotonic,8,2.49988e-05,0,12000
5,1,rl,exact,isotonic,9,0.0177243,0.0198333,12000
5,1,rl,exact,platt,0,4.73661e-09,0,12000
5,1,rl,exact,platt,1,9.58878e-09,0,12000
5,1,rl,exact,platt,2,3.04899e-08,0,12000
5,1,rl,exact,platt,3,1.18839e-07,0,12000
5,1,rl,exact,platt,4,2.74378e-07,0,12000
5,1,rl,exact,platt,5,1.14205e-06,0,12000
5,1,rl,exact,platt,6,3.19994e-06,0,12000
5,1,rl,exact,platt,7,1.35014e-05,0,12000
5,1,rl,exact,platt,8,6.35339e-05,8.33333e-05,12000
5,1,rl,exact,platt,9,0.0177782,0.0205,12000
5,1,rl,exact,raw,0,2.47989e-09,0,12000
5,1,rl,exact,raw,1,2.73169e-09,0,12000
5,1,rl,exact,raw,2,3.72407e-09,0,12000
5,1,rl,exact,raw,3,4.53037e-09,0,12000
5,1,rl,exact,raw,4,5.60689e-09,0,12000
5,1,rl,exact,raw,5,2.59897e-08,0,12000
5,1,rl,exact,raw,6,4.57875e-07,0,12000
5,1,rl,exact,raw,7,2.53004e-06,0,12000
5,1,rl,exact,raw,8,9.69756e-06,8.33333e-05,12000
5,1,rl,exact,raw,9,0.0145353,0.0205,12000
5,1,rl,exact,temperature,0,1.44519e-09,0,12000
5,1,rl,exact,temperature,1,1.70433e-08,0,12000
5,1,rl,exact,temperature,2,4.00781e-08,0,12000
5,1,rl,exact,temperature,3,5.80889e-08,0,12000
5,1,rl,exact,temperature,4,1.40857e-07,0,12000
5,1,rl,exact,temperature,5,2.8832e-07,0,12000
5,1,rl,exact,temperature,6,1.6858e-06,0,12000
5,1,rl,exact,temperature,7,1.02691e-05,0,12000
5,1,rl,exact,temperature,8,4.4663e-05,8.33333e-05,12000
5,1,rl,exact,temperature,9,0.0186363,0.0205,12000
5,1,rl,mwpm_gap,isotonic,0,2.49988e-05,8.33333e-05,12000
5,1,rl,mwpm_gap,isotonic,1,2.49988e-05,0.000166667,12000
5,1,rl,mwpm_gap,isotonic,2,2.49988e-05,0,12000
5,1,rl,mwpm_gap,isotonic,3,2.49988e-05,8.33333e-05,12000
5,1,rl,mwpm_gap,isotonic,4,2.49988e-05,0.000166667,12000
5,1,rl,mwpm_gap,isotonic,5,2.49988e-05,8.33333e-05,12000
5,1,rl,mwpm_gap,isotonic,6,2.49988e-05,8.33333e-05,12000
5,1,rl,mwpm_gap,isotonic,7,2.49988e-05,8.33333e-05,12000
5,1,rl,mwpm_gap,isotonic,8,2.49988e-05,0,12000
5,1,rl,mwpm_gap,isotonic,9,0.0189747,0.0205,12000
5,1,rl,mwpm_gap,platt,0,3.72237e-09,0,12000
5,1,rl,mwpm_gap,platt,1,5.73948e-09,0,12000
5,1,rl,mwpm_gap,platt,2,7.49392e-09,0,12000
5,1,rl,mwpm_gap,platt,3,5.66257e-08,0,12000
5,1,rl,mwpm_gap,platt,4,2.06386e-07,0,12000
5,1,rl,mwpm_gap,platt,5,8.22451e-07,0,12000
5,1,rl,mwpm_gap,platt,6,2.53683e-06,0,12000
5,1,rl,mwpm_gap,platt,7,9.68465e-06,0,12000
5,1,rl,mwpm_gap,platt,8,5.70866e-05,8.33333e-05,12000
5,1,rl,mwpm_gap,platt,9,0.0186657,0.0211667,12000
5,1,rl,mwpm_gap,raw,0,4.22675e-10,0,12000
5,1,rl,mwpm_gap,raw,1,5.24222e-10,0,12000
5,1,rl,mwpm_gap,raw,2,7.14752e-10,0,12000
5,1,rl,mwpm_gap,raw,3,7.33986e-10,0,12000
5,1,rl,mwpm_gap,raw,4,8.50491e-10,0,12000
5,1,rl,mwpm_gap,raw,5,5.31876e-09,0,12000
5,1,rl,mwpm_gap,raw,6,1.21268e-07,0,12000
5,1,rl,mwpm_gap,raw,7,9.28556e-07,0,12000
5,1,rl,mwpm_gap,raw,8,3.84982e-06,8.33333e-05,12000
5,1,rl,mwpm_gap,raw,9,0.0129073,0.0211667,12000
5,1,rl,mwpm_gap,temperature,0,1.33396e-09,0,12000
5,1,rl,mwpm_gap,temperature,1,1.26089e-08,0,12000
5,1,rl,mwpm_gap,temperature,2,2.56542e-08,0,12000
5,1,rl,mwpm_gap,temperature,3,5.36666e-08,0,12000
5,1,rl,mwpm_gap,temperature,4,1.18433e-07,0,12000
5,1,rl,mwpm_gap,temperature,5,2.44749e-07,0,12000
5,1,rl,mwpm_gap,temperature,6,1.45798e-06,0,12000
5,1,rl,mwpm_gap,temperature,7,9.95927e-06,0,12000
5,1,rl,mwpm_gap,temperature,8,4.52567e-05,0,12000
5,1,rl,mwpm_gap,temperature,9,0.0190847,0.02125,12000
5,1,si1000,exact,isotonic,0,2.49988e-05,8.33333e-05,12000
5,1,si1000,exact,isotonic,1,2.49988e-05,8.33333e-05,12000
5,1,si1000,exact,isotonic,2,2.49988e-05,0,12000
5,1,si1000,exact,isotonic,3,2.49988e-05,8.33333e-05,12000
5,1,si1000,exact,isotonic,4,2.49988e-05,8.33333e-05,12000
5,1,si1000,exact,isotonic,5,2.49988e-05,8.33333e-05,12000
5,1,si1000,exact,isotonic,6,2.49988e-05,8.33333e-05,12000
5,1,si1000,exact,isotonic,7,2.49988e-05,0,12000
5,1,si1000,exact,isotonic,8,2.49988e-05,0,12000
5,1,si1000,exact,isotonic,9,0.019708,0.02025,12000
5,1,si1000,exact,platt,0,7.04907e-09,0,12000
5,1,si1000,exact,platt,1,1.1495e-08,0,12000
5,1,si1000,exact,platt,2,3.20944e-08,0,12000
5,1,si1000,exact,platt,3,7.97792e-08,0,12000
5,1,si1000,exact,platt,4,2.57201e-07,0,12000
5,1,si1000,exact,platt,5,9.15132e-07,0,12000
5,1,si1000,exact,platt,6,3.05017e-06,0,12000
5,1,si1000,exact,platt,7,1.48354e-05,0,12000
5,1,si1000,exact,platt,8,6.69028e-05,8.33333e-05,12000
5,1,si1000,exact,platt,9,0.0195031,0.0206667,12000
5,1,si1000,exact,raw,0,4.23518e-10,0,12000
5,1,si1000,exact,raw,1,4.23518e-10,0,12000
5,1,si1000,exact,raw,2,4.25527e-10,0,12000
5,1,si1000,exact,raw,3,4.32672e-10,0,12000
5,1,si1000,exact,raw,4,4.32672e-10,0,12000
5,1,si1000,exact,raw,5,1.83496e-09,0,12000
5,1,si1000,exact,raw,6,6.5543e-08,0,12000
5,1,si1000,exact,raw,7,9.54752e-07,8.33333e-05,12000
5,1,si1000,exact,raw,8,2.29015e-06,0,12000
5,1,si1000,exact,raw,9,0.0113728,0.0206667,12000
5,1,si1000,exact,temperature,0,1.77438e-09,0,12000
5,1,si1000,exact,temperature,1,1.44117e-08,0,12000
5,1,si1000,exact,temperature,2,4.67209e-08,0,12000
5,1,si1000,exact,temperature,3,1.49348e-07,0,12000
5,1,si1000,exact,temperature,4,1.91669e-07,0,12000
5,1,si1000,exact,temperature,5,3.79226e-07,0,12000
5,1,si1000,exact,temperature,6,1.78593e-06,0,12000
5,1,si1000,exact,temperature,7,1.43976e-05,0,12000
5,1,si1000,exact,temperature,8,6.30059e-05,0.000166667,12000
5,1,si1000,exact,temperature,9,0.0199682,0.0205833,12000
5,1,si1000,mwpm_gap,isotonic,0,2.49988e-05,8.33333e-05,12000
5,1,si1000,mwpm_gap,isotonic,1,2.49988e-05,8.33333e-05,12000
5,1,si1000,mwpm_gap,isotonic,2,2.49988e-05,0,12000
5,1,si1000,mwpm_gap,isotonic,3,2.49988e-05,8.33333e-05,12000
5,1,si1000,mwpm_gap,isotonic,4,2.49988e-05,8.33333e-05,12000
5,1,si1000,mwpm_gap,isotonic,5,2.49988e-05,8.33333e-05,12000
5,1,si1000,mwpm_gap,isotonic,6,2.49988e-05,8.33333e-05,12000
5,1,si1000,mwpm_gap,isotonic,7,2.49988e-05,0,12000
5,1,si1000,mwpm_gap,isotonic,8,2.49988e-05,0,12000
5,1,si1000,mwpm_gap,isotonic,9,0.0208115,0.021,12000
5,1,si1000,mwpm_gap,platt,0,1.06071e-09,0,12000
5,1,si1000,mwpm_gap,platt,1,8.20508e-09,0,12000
5,1,si1000,mwpm_gap,platt,2,2.10136e-08,0,12000
5,1,si1000,mwpm_gap,platt,3,4.95664e-08,0,12000
5,1,si1000,mwpm_gap,platt,4,2.01436e-07,0,12000
5,1,si1000,mwpm_gap,platt,5,6.83991e-07,0,12000
5,1,si1000,mwpm_gap,platt,6,2.14146e-06,0,12000
5,1,si1000,mwpm_gap,platt,7,1.34196e-05,8.33333e-05,12000
5,1,si1000,mwpm_gap,platt,8,6.63437e-05,0,12000
5,1,si1000,mwpm_gap,platt,9,0.0206345,0.0214167,12000
5,1,si1000,mwpm_gap,raw,0,3.54124e-11,0,12000
5,1,si1000,mwpm_gap,raw,1,3.54124e-11,0,12000
5,1,si1000,mwpm_gap,raw,2,3.62717e-11,0,12000
5,1,si1000,mwpm_gap,raw,3,3.93286e-11,0,12000
5,1,si1000,mwpm_gap,raw,4,3.93286e-11,0,12000
5,1,si1000,mwpm_gap,raw,5,3.33646e-10,0,12000
5,1,si1000,mwpm_gap,raw,6,2.38529e-08,0,12000
5,1,si1000,mwpm_gap,raw,7,2.60888e-07,8.33333e-05,12000
5,1,si1000,mwpm_gap,raw,8,8.2771e-07,0,12000
5,1,si1000,mwpm_gap,raw,9,0.0104868,0.0214167,12000
5,1,si1000,mwpm_gap,temperature,0,7.90138e-10,0,12000
5,1,si1000,mwpm_gap,temperature,1,5.79851e-09,0,12000
5,1,si1000,mwpm_gap,temperature,2,2.20699e-08,0,12000
5,1,si1000,mwpm_gap,temperature,3,1.1157e-07,0,12000
5,1,si1000,mwpm_gap,temperature,4,1.23259e-07,0,12000
5,1,si1000,mwpm_gap,temperature,5,2.62412e-07,0,12000
5,1,si1000,mwpm_gap,temperature,6,1.49845e-06,0,12000
5,1,si1000,mwpm_gap,temperature,7,1.28536e-05,0,12000
5,1,si1000,mwpm_gap,temperature,8,6.15369e-05,8.33333e-05,12000
5,1,si1000,mwpm_gap,temperature,9,0.0211066,0.0214167,12000
5,10,rl,mwpm_gap,isotonic,0,2.49988e-05,8.33333e-05,12000
5,10,rl,mwpm_gap,isotonic,1,2.93893e-05,8.33333e-05,12000
5,10,rl,mwpm_gap,isotonic,2,0.000468213,0.000833333,12000
5,10,rl,mwpm_gap,isotonic,3,0.00118454,0.00166667,12000
5,10,rl,mwpm_gap,isotonic,4,0.00382746,0.00383333,12000
5,10,rl,mwpm_gap,isotonic,5,0.00812539,0.0104167,12000
5,10,rl,mwpm_gap,isotonic,6,0.0203416,0.02225,12000
5,10,rl,mwpm_gap,isotonic,7,0.0480177,0.0486667,12000
5,10,rl,mwpm_gap,isotonic,8,0.11622,0.110167,12000
5,10,rl,mwpm_gap,isotonic,9,0.326433,0.30825,12000
5,10,rl,mwpm_gap,platt,0,7.71894e-05,0,12000
5,10,rl,mwpm_gap,platt,1,0.000251836,8.33333e-05,12000
5,10,rl,mwpm_gap,platt,2,0.000597901,0.000666667,12000
5,10,rl,mwpm_gap,platt,3,0.00161413,0.00183333,12000
5,10,rl,mwpm_gap,platt,4,0.00394938,0.00425,12000
5,10,rl,mwpm_gap,platt,5,0.0094174,0.00908333,12000
5,10,rl,mwpm_gap,platt,6,0.0217513,0.0231667,12000
5,10,rl,mwpm_gap,platt,7,0.0471916,0.0470833,12000
5,10,rl,mwpm_gap,platt,8,0.112914,0.11075,12000
5,10,rl,mwpm_gap,platt,9,0.326611,0.309333,12000
5,10,rl,mwpm_gap,raw,0,4.50899e-06,0,12000
5,10,rl,mwpm_gap,raw,1,1.84088e-05,8.33333e-05,12000
5,10,rl,mwpm_gap,raw,2,5.60807e-05,0.00075,12000
5,10,rl,mwpm_gap,raw,3,0.000209265,0.00175,12000
5,10,rl,mwpm_gap,raw,4,0.000670799,0.00433333,12000
5,10,rl,mwpm_gap,raw,5,0.00211443,0.00875,12000
5,10,rl,mwpm_gap,raw,6,0.00635138,0.0235833,12000
5,10,rl,mwpm_gap,raw,7,0.0179573,0.0481667,12000
5,10,rl,mwpm_gap,raw,8,0.0599358,0.10975,12000
5,10,rl,mwpm_gap,raw,9,0.270724,0.309083,12000
5,10,rl,mwpm_gap,temperature,0,8.59249e-05,0,12000
5,10,rl,mwpm_gap,temperature,1,0.000278652,8.33333e-05,12000
5,10,rl,mwpm_gap,temperature,2,0.000661637,0.000666667,12000
5,10,rl,mwpm_gap,temperature,3,0.00174084,0.00183333,12000
5,10,rl,mwpm_gap,temperature,4,0.00418326,0.00425,12000
5,10,rl,mwpm_gap,temperature,5,0.00981251,0.00933333,12000
5,10,rl,mwpm_gap,temperature,6,0.0222762,0.0228333,12000
5,10,rl,mwpm_gap,temperature,7,0.0475524,0.0470833,12000
5,10,rl,mwpm_gap,temperature,8,0.111729,0.1105,12000
5,10,rl,mwpm_gap,temperature,9,0.317808,0.309667,12000
5,10,si1000,mwpm_gap,isotonic,0,2.49988e-05,0.000166667,12000
5,10,si1000,mwpm_gap,isotonic,1,2.49988e-05,8.33333e-05,12000
5,10,si1000,mwpm_gap,isotonic,2,0.000436167,0.000916667,12000
5,10,si1000,mwpm_gap,isotonic,3,0.00166509,0.00191667,12000
5,10,si1000,mwpm_gap,isotonic,4,0.00400543,0.00433333,12000
5,10,si1000,mwpm_gap,isotonic,5,0.00927907,0.0106667,12000
5,10,si1000,mwpm_gap,isotonic,6,0.0233007,0.02175,12000
5,10,si1000,mwpm_gap,isotonic,7,0.0475063,0.0498333,12000
5,10,si1000,mwpm_gap,isotonic,8,0.120587,0.116833,12000
5,10,si1000,mwpm_gap,isotonic,9,0.330537,0.319833,12000
5,10,si1000,mwpm_gap,platt,0,8.05468e-05,0,12000
5,10,si1000,mwpm_gap,platt,1,0.000254158,0,12000
5,10,si1000,mwpm_gap,platt,2,0.000612902,0.00108333,12000
5,10,si1000,mwpm_gap,platt,3,0.00171081,0.00191667,12000
5,10,si1000,mwpm_gap,platt,4,0.00418871,0.0045,12000
5,10,si1000,mwpm_gap,platt,5,0.0105126,0.01,12000
5,10,si1000,mwpm_gap,platt,6,0.0241801,0.0219167,12000
5,10,si1000,mwpm_gap,platt,7,0.0507792,0.0501667,12000
5,10,si1000,mwpm_gap,platt,8,0.11569,0.117083,12000
5,10,si1000,mwpm_gap,platt,9,0.329518,0.319667,12000
5,10,si1000,mwpm_gap,raw,0,2.16176e-07,0,12000
5,10,si1000,mwpm_gap,raw,1,8.76024e-07,0,12000
5,10,si1000,mwpm_gap,raw,2,4.13296e-06,0.00125,12000
5,10,si1000,mwpm_gap,raw,3,2.38649e-05,0.00191667,12000
5,10,si1000,mwpm_gap,raw,4,0.000100014,0.00416667,12000
5,10,si1000,mwpm_gap,raw,5,0.000479527,0.0104167,12000
5,10,si1000,mwpm_gap,raw,6,0.00196826,0.0235,12000
5,10,si1000,mwpm_gap,raw,7,0.00674542,0.0483333,12000
5,10,si1000,mwpm_gap,raw,8,0.0308141,0.1175,12000
5,10,si1000,mwpm_gap,raw,9,0.23001,0.31925,12000
5,10,si1000,mwpm_gap,temperature,0,9.51621e-05,0,12000
5,10,si1000,mwpm_gap,temperature,1,0.000294628,0,12000
5,10,si1000,mwpm_gap,temperature,2,0.00069116,0.00108333,12000
5,10,si1000,mwpm_gap,temperature,3,0.00187858,0.00175,12000
5,10,si1000,mwpm_gap,temperature,4,0.00450713,0.00441667,12000
5,10,si1000,mwpm_gap,temperature,5,0.0110209,0.0101667,12000
5,10,si1000,mwpm_gap,temperature,6,0.0248079,0.0223333,12000
5,10,si1000,mwpm_gap,temperature,7,0.0511515,0.0498333,12000
5,10,si1000,mwpm_gap,temperature,8,0.114118,0.117083,12000
5,10,si1000,mwpm_gap,temperature,9,0.319165,0.319667,12000
5,30,rl,mwpm_gap,isotonic,0,0.00456096,0.00666667,12000
5,30,rl,mwpm_gap,isotonic,1,0.0195429,0.0195833,12000
5,30,rl,mwpm_gap,isotonic,2,0.0400125,0.04175,12000
5,30,rl,mwpm_gap,isotonic,3,0.0718165,0.068,12000
5,30,rl,mwpm_gap,isotonic,4,0.107066,0.106,12000
5,30,rl,mwpm_gap,isotonic,5,0.149838,0.152083,12000
5,30,rl,mwpm_gap,isotonic,6,0.209575,0.20725,12000
5,30,rl,mwpm_gap,isotonic,7,0.289282,0.296917,12000
5,30,rl,mwpm_gap,isotonic,8,0.374055,0.366917,12000
5,30,rl,mwpm_gap,isotonic,9,0.456375,0.462833,12000
5,30,rl,mwpm_gap,platt,0,0.00714497,0.00516667,12000
5,30,rl,mwpm_gap,platt,1,0.0241128,0.0215833,12000
5,30,rl,mwpm_gap,platt,2,0.0455655,0.038,12000
5,30,rl,mwpm_gap,platt,3,0.0713319,0.07225,12000
5,30,rl,mwpm_gap,platt,4,0.104172,0.10475,12000
5,30,rl,mwpm_gap,platt,5,0.146815,0.152333,12000
5,30,rl,mwpm_gap,platt,6,0.204082,0.208917,12000
5,30,rl,mwpm_gap,platt,7,0.280238,0.290417,12000
5,30,rl,mwpm_gap,platt,8,0.37131,0.374,12000
5,30,rl,mwpm_gap,platt,9,0.466789,0.460583,12000
5,30,rl,mwpm_gap,raw,0,0.000537985,0.00508333,12000
5,30,rl,mwpm_gap,raw,1,0.00317777,0.021,12000
5,30,rl,mwpm_gap,raw,2,0.00855075,0.0395833,12000
5,30,rl,mwpm_gap,raw,3,0.0173789,0.07225,12000
5,30,rl,mwpm_gap,raw,4,0.032386,0.103917,12000
5,30,rl,mwpm_gap,raw,5,0.0575752,0.15425,12000
5,30,rl,mwpm_gap,raw,6,0.101819,0.205667,12000
5,30,rl,mwpm_gap,raw,7,0.177453,0.293667,12000
5,30,rl,mwpm_gap,raw,8,0.291897,0.375,12000
5,30,rl,mwpm_gap,raw,9,0.429765,0.457583,12000
5,30,rl,mwpm_gap,temperature,0,0.0075939,0.00533333,12000
5,30,rl,mwpm_gap,temperature,1,0.0251061,0.0215,12000
5,30,rl,mwpm_gap,temperature,2,0.0467502,0.0383333,12000
5,30,rl,mwpm_gap,temperature,3,0.0724993,0.0708333,12000
5,30,rl,mwpm_gap,temperature,4,0.104863,0.10575,12000
5,30,rl,mwpm_gap,temperature,5,0.14657,0.15225,12000
5,30,rl,mwpm_gap,temperature,6,0.202118,0.208583,12000
5,30,rl,mwpm_gap,temperature,7,0.275504,0.291417,12000
5,30,rl,mwpm_gap,temperature,8,0.363556,0.375583,12000
5,30,rl,mwpm_gap,temperature,9,0.455526,0.458417,12000
5,30,si1000,mwpm_gap,isotonic,0,0.00466014,0.006,12000
5,30,si1000,mwpm_gap,isotonic,1,0.0215391,0.0216667,12000
5,30,si1000,mwpm_gap,isotonic,2,0.0438291,0.041,12000
5,30,si1000,mwpm_gap,isotonic,3,0.0724404,0.0703333,12000
5,30,si1000,mwpm_gap,isotonic,4,0.108129,0.107917,12000
5,30,si1000,mwpm_gap,isotonic,5,0.14719,0.151167,12000
5,30,si1000,mwpm_gap,isotonic,6,0.216358,0.2185,12000
5,30,si1000,mwpm_gap,isotonic,7,0.289291,0.29275,12000
5,30,si1000,mwpm_gap,isotonic,8,0.375553,0.3855,12000
5,30,si1000,mwpm_gap,isotonic,9,0.473553,0.464417,12000
5,30,si1000,mwpm_gap,platt,0,0.00697177,0.00566667,12000
5,30,si1000,mwpm_gap,platt,1,0.0250537,0.021,12000
5,30,si1000,mwpm_gap,platt,2,0.0477953,0.0415,12000
5,30,si1000,mwpm_gap,platt,3,0.0733672,0.071,12000
5,30,si1000,mwpm_gap,platt,4,0.104291,0.104917,12000
5,30,si1000,mwpm_gap,platt,5,0.147426,0.150833,12000
5,30,si1000,mwpm_gap,platt,6,0.20643,0.224583,12000
5,30,si1000,mwpm_gap,platt,7,0.283989,0.293417,12000
5,30,si1000,mwpm_gap,platt,8,0.378962,0.3815,12000
5,30,si1000,mwpm_gap,platt,9,0.477566,0.464833,12000
5,30,si1000,mwpm_gap,raw,0,8.10688e-05,0.00658333,12000
5,30,si1000,mwpm_gap,raw,1,0.000754762,0.0205833,12000
5,30,si1000,mwpm_gap,raw,2,0.00263803,0.0426667,12000
5,30,si1000,mwpm_gap,raw,3,0.00611153,0.0683333,12000
5,30,si1000,mwpm_gap,raw,4,0.0127129,0.1075,12000
5,30,si1000,mwpm_gap,raw,5,0.0268427,0.153583,12000
5,30,si1000,mwpm_gap,raw,6,0.0576705,0.220083,12000
5,30,si1000,mwpm_gap,raw,7,0.12246,0.293583,12000
5,30,si1000,mwpm_gap,raw,8,0.242414,0.38175,12000
5,30,si1000,mwpm_gap,raw,9,0.41016,0.464583,12000
5,30,si1000,mwpm_gap,temperature,0,0.0080134,0.00575,12000
5,30,si1000,mwpm_gap,temperature,1,0.0272317,0.02125,12000
5,30,si1000,mwpm_gap,temperature,2,0.0503644,0.0411667,12000
5,30,si1000,mwpm_gap,temperature,3,0.0755858,0.0709167,12000
5,30,si1000,mwpm_gap,temperature,4,0.105613,0.105417,12000
5,30,si1000,mwpm_gap,temperature,5,0.146744,0.1505,12000
5,30,si1000,mwpm_gap,temperature,6,0.202316,0.223083,12000
5,30,si1000,mwpm_gap,temperature,7,0.274597,0.293333,12000
5,30,si1000,mwpm_gap,temperature,8,0.363151,0.382583,12000
5,30,si1000,mwpm_gap,temperature,9,0.455503,0.46525,12000
5,50,rl,mwpm_gap,isotonic,0,0.0156297,0.0200833,12000
5,50,rl,mwpm_gap,isotonic,1,0.0465149,0.0508333,12000
5,50,rl,mwpm_gap,isotonic,2,0.0826294,0.0890833,12000
5,50,rl,mwpm_gap,isotonic,3,0.126974,0.120167,12000
5,50,rl,mwpm_gap,isotonic,4,0.170288,0.16875,12000
5,50,rl,mwpm_gap,isotonic,5,0.227986,0.226,12000
5,50,rl,mwpm_gap,isotonic,6,0.298275,0.29775,12000
5,50,rl,mwpm_gap,isotonic,7,0.357965,0.351083,12000
5,50,rl,mwpm_gap,isotonic,8,0.422084,0.428167,12000
5,50,rl,mwpm_gap,isotonic,9,0.472129,0.473583,12000
5,50,rl,mwpm_gap,platt,0,0.0212182,0.0184167,12000
5,50,rl,mwpm_gap,platt,1,0.0540083,0.053,12000
5,50,rl,mwpm_gap,platt,2,0.0869062,0.088,12000
5,50,rl,mwpm_gap,platt,3,0.124717,0.121667,12000
5,50,rl,mwpm_gap,platt,4,0.167454,0.167833,12000
5,50,rl,mwpm_gap,platt,5,0.220581,0.224083,12000
5,50,rl,mwpm_gap,platt,6,0.281502,0.299333,12000
5,50,rl,mwpm_gap,platt,7,0.351045,0.352417,12000
5,50,rl,mwpm_gap,platt,8,0.421552,0.427167,12000
5,50,rl,mwpm_gap,platt,9,0.491066,0.473583,12000
5,50,rl,mwpm_gap,raw,0,0.00246227,0.01875,12000
5,50,rl,mwpm_gap,raw,1,0.00977962,0.0530833,12000
5,50,rl,mwpm_gap,raw,2,0.0209544,0.0889167,12000
5,50,rl,mwpm_gap,raw,3,0.038501,0.122,12000
5,50,rl,mwpm_gap,raw,4,0.0645526,0.167583,12000
5,50,rl,mwpm_gap,raw,5,0.105706,0.225333,12000
5,50,rl,mwpm_gap,raw,6,0.164318,0.2955,12000
5,50,rl,mwpm_gap,raw,7,0.246896,0.35575,12000
5,50,rl,mwpm_gap,raw,8,0.34402,0.42425,12000
5,50,rl,mwpm_gap,raw,9,0.448822,0.474333,12000
5,50,rl,mwpm_gap,temperature,0,0.0234347,0.0181667,12000
5,50,rl,mwpm_gap,temperature,1,0.057307,0.0529167,12000
5,50,rl,mwpm_gap,temperature,2,0.0899878,0.0881667,12000
5,50,rl,mwpm_gap,temperature,3,0.126678,0.12125,12000
5,50,rl,mwpm_gap,temperature,4,0.167407,0.169167,12000
5,50,rl,mwpm_gap,temperature,5,0.217385,0.224583,12000
5,50,rl,mwpm_gap,temperature,6,0.274257,0.297583,12000
5,50,rl,mwpm_gap,temperature,7,0.33893,0.352917,12000
5,50,rl,mwpm_gap,temperature,8,0.404617,0.427167,12000
5,50,rl,mwpm_gap,temperature,9,0.469366,0.473583,12000
5,50,si1000,mwpm_gap,isotonic,0,0.0172257,0.0215833,12000
5,50,si1000,mwpm_gap,isotonic,1,0.0517818,0.05775,12000
5,50,si1000,mwpm_gap,isotonic,2,0.0838862,0.0841667,12000
5,50,si1000,mwpm_gap,isotonic,3,0.129325,0.131333,12000
5,50,si1000,mwpm_gap,isotonic,4,0.175339,0.169917,12000
5,50,si1000,mwpm_gap,isotonic,5,0.242196,0.232667,12000
5,50,si1000,mwpm_gap,isotonic,6,0.301313,0.309,12000
5,50,si1000,mwpm_gap,isotonic,7,0.369359,0.366667,12000
5,50,si1000,mwpm_gap,isotonic,8,0.430245,0.431,12000
5,50,si1000,mwpm_gap,isotonic,9,0.485114,0.479417,12000
5,50,si1000,mwpm_gap,platt,0,0.0226311,0.021,12000
5,50,si1000,mwpm_gap,platt,1,0.0578005,0.0555833,12000
5,50,si1000,mwpm_gap,platt,2,0.0909686,0.08975,12000
5,50,si1000,mwpm_gap,platt,3,0.127723,0.124917,12000
5,50,si1000,mwpm_gap,platt,4,0.173119,0.170917,12000
5,50,si1000,mwpm_gap,platt,5,0.22845,0.2355,12000
5,50,si1000,mwpm_gap,platt,6,0.290136,0.307667,12000
5,50,si1000,mwpm_gap,platt,7,0.361081,0.368167,12000
5,50,si1000,mwpm_gap,platt,8,0.432406,0.43175,12000
5,50,si1000,mwpm_gap,platt,9,0.501797,0.47825,12000
5,50,si1000,mwpm_gap,raw,0,0.000587451,0.0205,12000
5,50,si1000,mwpm_gap,raw,1,0.00319426,0.0545833,12000
5,50,si1000,mwpm_gap,raw,2,0.00776712,0.0901667,12000
5,50,si1000,mwpm_gap,raw,3,0.0166631,0.129833,12000
5,50,si1000,mwpm_gap,raw,4,0.0326007,0.170833,12000
5,50,si1000,mwpm_gap,raw,5,0.0626065,0.233917,12000
5,50,si1000,mwpm_gap,raw,6,0.113992,0.30825,12000
5,50,si1000,mwpm_gap,raw,7,0.196144,0.366333,12000
5,50,si1000,mwpm_gap,raw,8,0.306306,0.430083,12000
5,50,si1000,mwpm_gap,raw,9,0.434726,0.479,12000
5,50,si1000,mwpm_gap,temperature,0,0.0261813,0.0206667,12000
5,50,si1000,mwpm_gap,temperature,1,0.0628273,0.0560833,12000
5,50,si1000,mwpm_gap,temperature,2,0.095581,0.0891667,12000
5,50,si1000,mwpm_gap,temperature,3,0.130667,0.125667,12000
5,50,si1000,mwpm_gap,temperature,4,0.172914,0.17,12000
5,50,si1000,mwpm_gap,temperature,5,0.223307,0.235917,12000
5,50,si1000,mwpm_gap,temperature,6,0.278975,0.30775,12000
5,50,si1000,mwpm_gap,temperature,7,0.342779,0.369667,12000
5,50,si1000,mwpm_gap,temperature,8,0.407021,0.428583,12000
5,50,si1000,mwpm_gap,temperature,9,0.469825,0.48,12000
7,1,rl,mwpm_gap,isotonic,0,2.49988e-05,0,3000
7,1,rl,mwpm_gap,isotonic,1,2.49988e-05,0.000333333,3000
7,1,rl,mwpm_gap,isotonic,2,2.49988e-05,0,3000
7,1,rl,mwpm_gap,isotonic,3,2.49988e-05,0,3000
7,1,rl,mwpm_gap,isotonic,4,2.49988e-05,0,3000
7,1,rl,mwpm_gap,isotonic,5,2.49988e-05,0,3000
7,1,rl,mwpm_gap,isotonic,6,2.49988e-05,0,3000
7,1,rl,mwpm_gap,isotonic,7,2.49988e-05,0,3000
7,1,rl,mwpm_gap,isotonic,8,2.49988e-05,0,3000
7,1,rl,mwpm_gap,isotonic,9,0.00593786,0.00533333,3000
7,1,rl,mwpm_gap,platt,0,5.95988e-11,0,3000
7,1,rl,mwpm_gap,platt,1,2.65454e-10,0,3000
7,1,rl,mwpm_gap,platt,2,8.92129e-09,0,3000
7,1,rl,mwpm_gap,platt,3,1.76227e-08,0,3000
7,1,rl,mwpm_gap,platt,4,2.42404e-08,0,3000
7,1,rl,mwpm_gap,platt,5,8.99489e-08,0,3000
7,1,rl,mwpm_gap,platt,6,4.78451e-07,0,3000
7,1,rl,mwpm_gap,platt,7,1.92759e-06,0,3000
7,1,rl,mwpm_gap,platt,8,8.04253e-06,0,3000
7,1,rl,mwpm_gap,platt,9,0.00600456,0.00566667,3000
7,1,rl,mwpm_gap,raw,0,7.75764e-14,0,3000
7,1,rl,mwpm_gap,raw,1,9.40616e-14,0,3000
7,1,rl,mwpm_gap,raw,2,1.22824e-13,0,3000
7,1,rl,mwpm_gap,raw,3,1.41661e-12,0,3000
7,1,rl,mwpm_gap,raw,4,2.02759e-11,0,3000
7,1,rl,mwpm_gap,raw,5,1.23531e-10,0,3000
7,1,rl,mwpm_gap,raw,6,4.13099e-10,0,3000
7,1,rl,mwpm_gap,raw,7,1.20633e-09,0,3000
7,1,rl,mwpm_gap,raw,8,3.21489e-08,0,3000
7,1,rl,mwpm_gap,raw,9,0.00366156,0.00566667,3000
7,1,rl,mwpm_gap,temperature,0,8.60831e-11,0,3000
7,1,rl,mwpm_gap,temperature,1,3.69438e-10,0,3000
7,1,rl,mwpm_gap,temperature,2,2.49995e-09,0,3000
7,1,rl,mwpm_gap,temperature,3,3.02212e-09,0,3000
7,1,rl,mwpm_gap,temperature,4,1.92728e-08,0,3000
7,1,rl,mwpm_gap,temperature,5,5.9628e-08,0,3000
7,1,rl,mwpm_gap,temperature,6,2.0022e-07,0,3000
7,1,rl,mwpm_gap,temperature,7,7.30053e-07,0,3000
7,1,rl,mwpm_gap,temperature,8,4.4007e-06,0,3000
7,1,rl,mwpm_gap,temperature,9,0.00652365,0.00566667,3000
7,1,si1000,mwpm_gap,isotonic,0,2.49988e-05,0,3000
7,1,si1000,mwpm_gap,isotonic,1,2.49988e-05,0.000333333,3000
7,1,si1000,mwpm_gap,isotonic,2,2.49988e-05,0,3000
7,1,si1000,mwpm_gap,isotonic,3,2.49988e-05,0,3000
7,1,si1000,mwpm_gap,isotonic,4,2.49988e-05,0,3000
7,1,si1000,mwpm_gap,isotonic,5,2.49988e-05,0,3000
7,1,si1000,mwpm_gap,isotonic,6,2.49988e-05,0,3000
7,1,si1000,mwpm_gap,isotonic,7,2.49988e-05,0,3000
7,1,si1000,mwpm_gap,isotonic,8,2.49988e-05,0,3000
7,1,si1000,mwpm_gap,isotonic,9,0.00646008,0.00766667,3000
7,1,si1000,mwpm_gap,platt,0,2.20238e-11,0,3000
7,1,si1000,mwpm_gap,platt,1,9.08091e-11,0,3000
7,1,si1000,mwpm_gap,platt,2,6.50747e-09,0,3000
7,1,si1000,mwpm_gap,platt,3,2.4082e-08,0,3000
7,1,si1000,mwpm_gap,platt,4,2.52823e-08,0,3000
7,1,si1000,mwpm_gap,platt,5,6.43037e-08,0,3000
7,1,si1000,mwpm_gap,platt,6,6.17783e-07,0,3000
7,1,si1000,mwpm_gap,platt,7,2.64608e-06,0,3000
7,1,si1000,mwpm_gap,platt,8,9.20514e-06,0,3000
7,1,si1000,mwpm_gap,platt,9,0.00639992,0.008,3000
7,1,si1000,mwpm_gap,raw,0,1.49265e-15,0,3000
7,1,si1000,mwpm_gap,raw,1,1.55279e-15,0,3000
7,1,si1000,mwpm_gap,raw,2,1.65772e-15,0,3000
7,1,si1000,mwpm_gap,raw,3,2.93255e-14,0,3000
7,1,si1000,mwpm_gap,raw,4,1.3439e-12,0,3000
7,1,si1000,mwpm_gap,raw,5,1.03269e-11,0,3000
7,1,si1000,mwpm_gap,raw,6,2.92329e-11,0,3000
7,1,si1000,mwpm_gap,raw,7,5.51441e-11,0,3000
7,1,si1000,mwpm_gap,raw,8,5.15862e-09,0,3000
7,1,si1000,mwpm_gap,raw,9,0.00372096,0.008,3000
7,1,si1000,mwpm_gap,temperature,0,1.40564e-11,0,3000
7,1,si1000,mwpm_gap,temperature,1,6.04382e-11,0,3000
7,1,si1000,mwpm_gap,temperature,2,1.59071e-09,0,3000
7,1,si1000,mwpm_gap,temperature,3,2.19438e-09,0,3000
7,1,si1000,mwpm_gap,temperature,4,9.57876e-09,0,3000
7,1,si1000,mwpm_gap,temperature,5,2.13535e-08,0,3000
7,1,si1000,mwpm_gap,temperature,6,1.79196e-07,0,3000
7,1,si1000,mwpm_gap,temperature,7,5.92936e-07,0,3000
7,1,si1000,mwpm_gap,temperature,8,3.58703e-06,0,3000
7,1,si1000,mwpm_gap,temperature,9,0.00729476,0.008,3000
7,10,rl,mwpm_gap,isotonic,0,2.49988e-05,0,3000
7,10,rl,mwpm_gap,isotonic,1,2.49988e-05,0,3000
7,10,rl,mwpm_gap,isotonic,2,2.49988e-05,0,3000
7,10,rl,mwpm_gap,isotonic,3,0.0001086,0.000333333,3000
7,10,rl,mwpm_gap,isotonic,4,0.000373432,0.001,3000
7,10,rl,mwpm_gap,isotonic,5,0.000823084,0.00133333,3000
7,10,rl,mwpm_gap,isotonic,6,0.00278913,0.00333333,3000
7,10,rl,mwpm_gap,isotonic,7,0.00996111,0.0123333,3000
7,10,rl,mwpm_gap,isotonic,8,0.0433345,0.0443333,3000
7,10,rl,mwpm_gap,isotonic,9,0.241615,0.226667,3000
7,10,rl,mwpm_gap,platt,0,4.53157e-06,0,3000
7,10,rl,mwpm_gap,platt,1,2.96654e-05,0,3000
7,10,rl,mwpm_gap,platt,2,8.96207e-05,0,3000
7,10,rl,mwpm_gap,platt,3,0.000218278,0.000333333,3000
7,10,rl,mwpm_gap,platt,4,0.000530225,0.000333333,3000
7,10,rl,mwpm_gap,platt,5,0.00130521,0.00166667,3000
7,10,rl,mwpm_gap,platt,6,0.00353342,0.003,3000
7,10,rl,mwpm_gap,platt,7,0.010836,0.012,3000
7,10,rl,mwpm_gap,platt,8,0.0416026,0.0473333,3000
7,10,rl,mwpm_gap,platt,9,0.241685,0.224667,3000
7,10,rl,mwpm_gap,raw,0,1.41793e-07,0,3000
7,10,rl,mwpm_gap,raw,1,1.46765e-06,0,3000
7,10,rl,mwpm_gap,raw,2,5.82197e-06,0,3000
7,10,rl,mwpm_gap,raw,3,1.81195e-05,0.000333333,3000
7,10,rl,mwpm_gap,raw,4,5.64881e-05,0.000666667,3000
7,10,rl,mwpm_gap,raw,5,0.000180819,0.00133333,3000
7,10,rl,mwpm_gap,raw,6,0.0006416,0.00333333,3000
7,10,rl,mwpm_gap,raw,7,0.00277853,0.012,3000
7,10,rl,mwpm_gap,raw,8,0.0162096,0.0433333,3000
7,10,rl,mwpm_gap,raw,9,0.183509,0.228333,3000
7,10,rl,mwpm_gap,temperature,0,5.5442e-06,0,3000
7,10,rl,mwpm_gap,temperature,1,3.50245e-05,0,3000
7,10,rl,mwpm_gap,temperature,2,0.0001067,0,3000
7,10,rl,mwpm_gap,temperature,3,0.000258927,0,3000
7,10,rl,mwpm_gap,temperature,4,0.000612018,0.001,3000
7,10,rl,mwpm_gap,temperature,5,0.00146461,0.002,3000
7,10,rl,mwpm_gap,temperature,6,0.00387375,0.00266667,3000
7,10,rl,mwpm_gap,temperature,7,0.0114256,0.012,3000
7,10,rl,mwpm_gap,temperature,8,0.0419856,0.047,3000
7,10,rl,mwpm_gap,temperature,9,0.231946,0.224667,3000
7,10,si1000,mwpm_gap,isotonic,0,2.49988e-05,0,3000
7,10,si1000,mwpm_gap,isotonic,1,2.49988e-05,0,3000
7,10,si1000,mwpm_gap,isotonic,2,2.49988e-05,0,3000
7,10,si1000,mwpm_gap,isotonic,3,2.49988e-05,0.000333333,3000
7,10,si1000,mwpm_gap,isotonic,4,0.000359738,0.00133333,3000
7,10,si1000,mwpm_gap,isotonic,5,0.000808454,0.001,3000
7,10,si1000,mwpm_gap,isotonic,6,0.00302031,0.00333333,3000
7,10,si1000,mwpm_gap,isotonic,7,0.0108977,0.0146667,3000
7,10,si1000,mwpm_gap,isotonic,8,0.0473496,0.048,3000
7,10,si1000,mwpm_gap,isotonic,9,0.238168,0.239333,3000
7,10,si1000,mwpm_gap,platt,0,6.35419e-06,0,3000
7,10,si1000,mwpm_gap,platt,1,4.11778e-05,0,3000
7,10,si1000,mwpm_gap,platt,2,0.000117187,0,3000
7,10,si1000,mwpm_gap,platt,3,0.000279979,0.000333333,3000
7,10,si1000,mwpm_gap,platt,4,0.000653615,0.001,3000
7,10,si1000,mwpm_gap,platt,5,0.00158913,0.001,3000
7,10,si1000,mwpm_gap,platt,6,0.0041045,0.004,3000
7,10,si1000,mwpm_gap,platt,7,0.0124066,0.0166667,3000
7,10,si1000,mwpm_gap,platt,8,0.0445781,0.0456667,3000
7,10,si1000,mwpm_gap,platt,9,0.236542,0.239333,3000
7,10,si1000,mwpm_gap,raw,0,2.86377e-09,0,3000
7,10,si1000,mwpm_gap,raw,1,5.09239e-08,0,3000
7,10,si1000,mwpm_gap,raw,2,2.73894e-07,0,3000
7,10,si1000,mwpm_gap,raw,3,1.12082e-06,0.000666667,3000
7,10,si1000,mwpm_gap,raw,4,4.75844e-06,0.000666667,3000
7,10,si1000,mwpm_gap,raw,5,2.10657e-05,0.00133333,3000
7,10,si1000,mwpm_gap,raw,6,0.000104237,0.00433333,3000
7,10,si1000,mwpm_gap,raw,7,0.000679692,0.014,3000
7,10,si1000,mwpm_gap,raw,8,0.00643978,0.048,3000
7,10,si1000,mwpm_gap,raw,9,0.148917,0.239,3000
7,10,si1000,mwpm_gap,temperature,0,6.10892e-06,0,3000
7,10,si1000,mwpm_gap,temperature,1,3.97706e-05,0,3000
7,10,si1000,mwpm_gap,temperature,2,0.000116491,0.000333333,3000
7,10,si1000,mwpm_gap,temperature,3,0.000282216,0,3000
7,10,si1000,mwpm_gap,temperature,4,0.000658899,0.00133333,3000
7,10,si1000,mwpm_gap,temperature,5,0.0015997,0.000666667,3000
7,10,si1000,mwpm_gap,temperature,6,0.00413129,0.004,3000
7,10,si1000,mwpm_gap,temperature,7,0.0124725,0.017,3000
7,10,si1000,mwpm_gap,temperature,8,0.0446437,0.045,3000
7,10,si1000,mwpm_gap,temperature,9,0.235875,0.239667,3000
7,30,rl,mwpm_gap,isotonic,0,0.000564698,0.00133333,3000
7,30,rl,mwpm_gap,isotonic,1,0.00267181,0.00633333,3000
7,30,rl,mwpm_gap,isotonic,2,0.00777179,0.012,3000
7,30,rl,mwpm_gap,isotonic,3,0.0177781,0.021,3000
7,30,rl,mwpm_gap,isotonic,4,0.0359292,0.0306667,3000
7,30,rl,mwpm_gap,isotonic,5,0.0581181,0.0613333,3000
7,30,rl,mwpm_gap,isotonic,6,0.106696,0.111333,3000
7,30,rl,mwpm_gap,isotonic,7,0.179196,0.177667,3000
7,30,rl,mwpm_gap,isotonic,8,0.295056,0.291667,3000
7,30,rl,mwpm_gap,isotonic,9,0.416212,0.420333,3000
7,30,rl,mwpm_gap,platt,0,0.00130003,0.00166667,3000
7,30,rl,mwpm_gap,platt,1,0.00467496,0.005,3000
7,30,rl,mwpm_gap,platt,2,0.0105114,0.013,3000
7,30,rl,mwpm_gap,platt,3,0.0199034,0.0176667,3000
7,30,rl,mwpm_gap,platt,4,0.0356634,0.034,3000
7,30,rl,mwpm_gap,platt,5,0.0606865,0.0593333,3000
7,30,rl,mwpm_gap,platt,6,0.102251,0.110667,3000
7,30,rl,mwpm_gap,platt,7,0.171052,0.182,3000
7,30,rl,mwpm_gap,platt,8,0.282019,0.290333,3000
7,30,rl,mwpm_gap,platt,9,0.431901,0.42,3000
7,30,rl,mwpm_gap,raw,0,6.6457e-05,0.00166667,3000
7,30,rl,mwpm_gap,raw,1,0.000399338,0.005,3000
7,30,rl,mwpm_gap,raw,2,0.00129106,0.013,3000
7,30,rl,mwpm_gap,raw,3,0.00329842,0.018,3000
7,30,rl,mwpm_gap,raw,4,0.00784134,0.0333333,3000
7,30,rl,mwpm_gap,raw,5,0.0174764,0.0576667,3000
7,30,rl,mwpm_gap,raw,6,0.0390513,0.114,3000
7,30,rl,mwpm_gap,raw,7,0.0880936,0.180667,3000
7,30,rl,mwpm_gap,raw,8,0.197393,0.292333,3000
7,30,rl,mwpm_gap,raw,9,0.389297,0.418,3000
7,30,rl,mwpm_gap,temperature,0,0.0013932,0.00133333,3000
7,30,rl,mwpm_gap,temperature,1,0.00492168,0.00566667,3000
7,30,rl,mwpm_gap,temperature,2,0.010911,0.0116667,3000
7,30,rl,mwpm_gap,temperature,3,0.0204485,0.0196667,3000
7,30,rl,mwpm_gap,temperature,4,0.0362824,0.0336667,3000
7,30,rl,mwpm_gap,temperature,5,0.0611702,0.059,3000
7,30,rl,mwpm_gap,temperature,6,0.102151,0.110333,3000
7,30,rl,mwpm_gap,temperature,7,0.169531,0.181333,3000
7,30,rl,mwpm_gap,temperature,8,0.277682,0.292667,3000
7,30,rl,mwpm_gap,temperature,9,0.423734,0.418333,3000
7,30,si1000,mwpm_gap,isotonic,0,0.000619852,0.001,3000
7,30,si1000,mwpm_gap,isotonic,1,0.0031379,0.008,3000
7,30,si1000,mwpm_gap,isotonic,2,0.00904406,0.0126667,3000
7,30,si1000,mwpm_gap,isotonic,3,0.0200614,0.0183333,3000
7,30,si1000,mwpm_gap,isotonic,4,0.0407378,0.04,3000
7,30,si1000,mwpm_gap,isotonic,5,0.0619729,0.0613333,3000
7,30,si1000,mwpm_gap,isotonic,6,0.105474,0.108,3000
7,30,si1000,mwpm_gap,isotonic,7,0.184189,0.184667,3000
7,30,si1000,mwpm_gap,isotonic,8,0.296127,0.294,3000
7,30,si1000,mwpm_gap,isotonic,9,0.442075,0.431667,3000
7,30,si1000,mwpm_gap,platt,0,0.00133602,0.001,3000
7,30,si1000,mwpm_gap,platt,1,0.0048602,0.00666667,3000
7,30,si1000,mwpm_gap,platt,2,0.0109006,0.0133333,3000
7,30,si1000,mwpm_gap,platt,3,0.0211859,0.018,3000
7,30,si1000,mwpm_gap,platt,4,0.0378779,0.0413333,3000
7,30,si1000,mwpm_gap,platt,5,0.0637893,0.059,3000
7,30,si1000,mwpm_gap,platt,6,0.10637,0.109,3000
7,30,si1000,mwpm_gap,platt,7,0.178675,0.188667,3000
7,30,si1000,mwpm_gap,platt,8,0.293485,0.290333,3000
7,30,si1000,mwpm_gap,platt,9,0.445546,0.432333,3000
7,30,si1000,mwpm_gap,raw,0,5.93989e-06,0.001,3000
7,30,si1000,mwpm_gap,raw,1,5.29997e-05,0.00666667,3000
7,30,si1000,mwpm_gap,raw,2,0.000230955,0.0126667,3000
7,30,si1000,mwpm_gap,raw,3,0.000785193,0.0196667,3000
7,30,si1000,mwpm_gap,raw,4,0.00233765,0.0406667,3000
7,30,si1000,mwpm_gap,raw,5,0.00632363,0.061,3000
7,30,si1000,mwpm_gap,raw,6,0.017404,0.107,3000
7,30,si1000,mwpm_gap,raw,7,0.0506653,0.187667,3000
7,30,si1000,mwpm_gap,raw,8,0.148703,0.290667,3000
7,30,si1000,mwpm_gap,raw,9,0.36449,0.432667,3000
7,30,si1000,mwpm_gap,temperature,0,0.00156929,0.001,3000
7,30,si1000,mwpm_gap,temperature,1,0.00548066,0.00566667,3000
7,30,si1000,mwpm_gap,temperature,2,0.0119056,0.0146667,3000
7,30,si1000,mwpm_gap,temperature,3,0.0225516,0.0163333,3000
7,30,si1000,mwpm_gap,temperature,4,0.0393768,0.0423333,3000
7,30,si1000,mwpm_gap,temperature,5,0.0649579,0.0596667,3000
7,30,si1000,mwpm_gap,temperature,6,0.1061,0.109,3000
7,30,si1000,mwpm_gap,temperature,7,0.174654,0.188333,3000
7,30,si1000,mwpm_gap,temperature,8,0.282761,0.29,3000
7,30,si1000,mwpm_gap,temperature,9,0.426127,0.432667,3000
7,50,rl,mwpm_gap,isotonic,0,0.00289891,0.006,3000
7,50,rl,mwpm_gap,isotonic,1,0.0154125,0.0163333,3000
7,50,rl,mwpm_gap,isotonic,2,0.0287402,0.0303333,3000
7,50,rl,mwpm_gap,isotonic,3,0.0493757,0.0536667,3000
7,50,rl,mwpm_gap,isotonic,4,0.0815813,0.08,3000
7,50,rl,mwpm_gap,isotonic,5,0.12697,0.134333,3000
7,50,rl,mwpm_gap,isotonic,6,0.176154,0.186333,3000
7,50,rl,mwpm_gap,isotonic,7,0.253373,0.278,3000
7,50,rl,mwpm_gap,isotonic,8,0.359152,0.380333,3000
7,50,rl,mwpm_gap,isotonic,9,0.459661,0.447667,3000
7,50,rl,mwpm_gap,platt,0,0.00518887,0.005,3000
7,50,rl,mwpm_gap,platt,1,0.0158043,0.016,3000
7,50,rl,mwpm_gap,platt,2,0.0307058,0.031,3000
7,50,rl,mwpm_gap,platt,3,0.0516014,0.051,3000
7,50,rl,mwpm_gap,platt,4,0.0803548,0.089,3000
7,50,rl,mwpm_gap,platt,5,0.120612,0.132,3000
7,50,rl,mwpm_gap,platt,6,0.17775,0.179333,3000
7,50,rl,mwpm_gap,platt,7,0.256962,0.281667,3000
7,50,rl,mwpm_gap,platt,8,0.353457,0.380333,3000
7,50,rl,mwpm_gap,platt,9,0.460954,0.447667,3000
7,50,rl,mwpm_gap,raw,0,0.000364296,0.00566667,3000
7,50,rl,mwpm_gap,raw,1,0.00181078,0.0143333,3000
7,50,rl,mwpm_gap,raw,2,0.00501334,0.031,3000
7,50,rl,mwpm_gap,raw,3,0.0111777,0.0543333,3000
7,50,rl,mwpm_gap,raw,4,0.022569,0.0863333,3000
7,50,rl,mwpm_gap,raw,5,0.0436512,0.128333,3000
7,50,rl,mwpm_gap,raw,6,0.0836054,0.185,3000
7,50,rl,mwpm_gap,raw,7,0.156707,0.279,3000
7,50,rl,mwpm_gap,raw,8,0.271107,0.380333,3000
7,50,rl,mwpm_gap,raw,9,0.422226,0.448667,3000
7,50,rl,mwpm_gap,temperature,0,0.0056167,0.005,3000
7,50,rl,mwpm_gap,temperature,1,0.0166564,0.016,3000
7,50,rl,mwpm_gap,temperature,2,0.0318064,0.031,3000
7,50,rl,mwpm_gap,temperature,3,0.0527231,0.051,3000
7,50,rl,mwpm_gap,temperature,4,0.0811552,0.089,3000
7,50,rl,mwpm_gap,temperature,5,0.120565,0.132333,3000
7,50,rl,mwpm_gap,temperature,6,0.176038,0.179,3000
7,50,rl,mwpm_gap,temperature,7,0.252529,0.282,3000
7,50,rl,mwpm_gap,temperature,8,0.345568,0.379,3000
7,50,rl,mwpm_gap,temperature,9,0.449624,0.448667,3000
7,50,si1000,mwpm_gap,isotonic,0,0.00327203,0.005,3000
7,50,si1000,mwpm_gap,isotonic,1,0.0174531,0.0176667,3000
7,50,si1000,mwpm_gap,isotonic,2,0.0282851,0.035,3000
7,50,si1000,mwpm_gap,isotonic,3,0.0552738,0.06,3000
7,50,si1000,mwpm_gap,isotonic,4,0.0844572,0.0736667,3000
7,50,si1000,mwpm_gap,isotonic,5,0.120554,0.131667,3000
7,50,si1000,mwpm_gap,isotonic,6,0.188821,0.215667,3000
7,50,si1000,mwpm_gap,isotonic,7,0.271015,0.274667,3000
7,50,si1000,mwpm_gap,isotonic,8,0.362457,0.379667,3000
7,50,si1000,mwpm_gap,isotonic,9,0.450841,0.445333,3000
7,50,si1000,mwpm_gap,platt,0,0.00543008,0.005,3000
7,50,si1000,mwpm_gap,platt,1,0.016893,0.0166667,3000
7,50,si1000,mwpm_gap,platt,2,0.0323208,0.034,3000
7,50,si1000,mwpm_gap,platt,3,0.0544541,0.0606667,3000
7,50,si1000,mwpm_gap,platt,4,0.0844632,0.0776667,3000
7,50,si1000,mwpm_gap,platt,5,0.125401,0.129667,3000
7,50,si1000,mwpm_gap,platt,6,0.184066,0.209333,3000
7,50,si1000,mwpm_gap,platt,7,0.261807,0.279667,3000
7,50,si1000,mwpm_gap,platt,8,0.357497,0.364,3000
7,50,si1000,mwpm_gap,platt,9,0.460045,0.461667,3000
7,50,si1000,mwpm_gap,raw,0,4.98813e-05,0.007,3000
7,50,si1000,mwpm_gap,raw,1,0.000369623,0.0153333,3000
7,50,si1000,mwpm_gap,raw,2,0.0013209,0.0366667,3000
7,50,si1000,mwpm_gap,raw,3,0.00369484,0.058,3000
7,50,si1000,mwpm_gap,raw,4,0.00903525,0.079,3000
7,50,si1000,mwpm_gap,raw,5,0.0210143,0.13,3000
7,50,si1000,mwpm_gap,raw,6,0.0489864,0.208333,3000
7,50,si1000,mwpm_gap,raw,7,0.110424,0.277667,3000
7,50,si1000,mwpm_gap,raw,8,0.228079,0.364667,3000
7,50,si1000,mwpm_gap,raw,9,0.401227,0.461667,3000
7,50,si1000,mwpm_gap,temperature,0,0.00587829,0.00533333,3000
7,50,si1000,mwpm_gap,temperature,1,0.0177479,0.0163333,3000
7,50,si1000,mwpm_gap,temperature,2,0.0334098,0.0333333,3000
7,50,si1000,mwpm_gap,temperature,3,0.0555173,0.0596667,3000
7,50,si1000,mwpm_gap,temperature,4,0.0851621,0.0793333,3000
7,50,si1000,mwpm_gap,temperature,5,0.125245,0.129,3000
7,50,si1000,mwpm_gap,temperature,6,0.182266,0.208667,3000
7,50,si1000,mwpm_gap,temperature,7,0.257462,0.282333,3000
7,50,si1000,mwpm_gap,temperature,8,0.350024,0.364333,3000
7,50,si1000,mwpm_gap,temperature,9,0.449339,0.46,3000
