     shots,    errors,  discards, seconds,decoder,strong_id,json_metadata,custom_counts
      5393,       344,         0,   0.003,pymatching,1666506f09823914a31ff65cd57e47e98eb86dccf959d5e220fb86e3cc818496,"{""d"":3,""p"":0.01}",
      9489,       332,         0,   0.004,pymatching,c4459337cc3b39c7a4b6336f22392f9e1564f88cd52c65a5793aace83265ad5e,"{""d"":3,""p"":0.008}",
     11537,       323,         0,   0.004,pymatching,e10b0f4d0647006fa692f4bd1a0f5c5a66adacd5cf73055aea3ae66b4ad225fd,"{""d"":3,""p"":0.007}",
     12561,       306,         0,   0.004,pymatching,836c8efe1737c861af93b755c23abbc0e7e22e48e2a106b92d4589f472c4d379,"{""d"":3,""p"":0.006}",
     17681,       309,         0,   0.005,pymatching,e87cf804b88c2819fd825fa02e364ec27b4657365680e3e9676204b355ec247b,"{""d"":3,""p"":0.005}",
     27921,       313,         0,   0.006,pymatching,04f0414761d3bdc73703c4369d8e49d6dc3e864f38cf25b3efc68d2e838023bb,"{""d"":3,""p"":0.004}",
     44305,       301,         0,   0.008,pymatching,fee4064fc950d2be71a46522e085febcc041c89123222db6e8f2d62967231646,"{""d"":3,""p"":0.003}",
     62737,       187,         0,   0.009,pymatching,df261a29b3d16e97b8d3b3c6a802bf68baab8ba547e2dd2a03e06ef5d128c4e7,"{""d"":3,""p"":0.002}",
     41984,       114,         0,   0.005,pymatching,df261a29b3d16e97b8d3b3c6a802bf68baab8ba547e2dd2a03e06ef5d128c4e7,"{""d"":3,""p"":0.002}",
     13585,         9,         0,   0.010,pymatching,8aa360e870d1eb00ad6e4b51b840f954bf020a215cf27dae749285dcd3cf81df,"{""d"":5,""p"":0.002}",
      6417,        45,         0,   0.010,pymatching,312831638b4270e29f63dbb8cec420fd84897ba52514179d8fa18d949c625c3d,"{""d"":5,""p"":0.004}",
      9489,        27,         0,   0.010,pymatching,97618d31779b47f328fd081bd567b7220727825de7cb1fc1867403f19a502d2d,"{""d"":5,""p"":0.003}",
      5393,        68,         0,   0.010,pymatching,6ef7c9a2dc776676220fb4fafb4e6d237ce1821deb98a906045320f3da087b6e,"{""d"":5,""p"":0.005}",
      4369,       110,         0,   0.010,pymatching,de51193d288436f6c97e04fcdf32c54a6a50b65e37193e30dde7df2cd38dfc26,"{""d"":5,""p"":0.006}",
      3345,       159,         0,   0.010,pymatching,1920c1deacce6803aa4d9bc1336b7be5a2ffc857fec442fb01253cc3ae9f709e,"{""d"":5,""p"":0.008}",
      4369,       187,         0,   0.012,pymatching,e34d31659edf78a7687fc2e3ad3f28b277243d931c2a10c166c54784207c112c,"{""d"":5,""p"":0.007}",
     19456,        15,         0,   0.014,pymatching,8aa360e870d1eb00ad6e4b51b840f954bf020a215cf27dae749285dcd3cf81df,"{""d"":5,""p"":0.002}",
     10240,        85,         0,   0.014,pymatching,312831638b4270e29f63dbb8cec420fd84897ba52514179d8fa18d949c625c3d,"{""d"":5,""p"":0.004}",
      3345,       247,         0,   0.013,pymatching,dcd629216d9b436bf19306762d995fb3366c77847c2890703074e50658972b0e,"{""d"":5,""p"":0.01}",
     13312,        36,         0,   0.014,pymatching,97618d31779b47f328fd081bd567b7220727825de7cb1fc1867403f19a502d2d,"{""d"":5,""p"":0.003}",
      3072,       122,         0,   0.008,pymatching,e34d31659edf78a7687fc2e3ad3f28b277243d931c2a10c166c54784207c112c,"{""d"":5,""p"":0.007}",
      8192,       124,         0,   0.014,pymatching,6ef7c9a2dc776676220fb4fafb4e6d237ce1821deb98a906045320f3da087b6e,"{""d"":5,""p"":0.005}",
      3072,       146,         0,   0.009,pymatching,1920c1deacce6803aa4d9bc1336b7be5a2ffc857fec442fb01253cc3ae9f709e,"{""d"":5,""p"":0.008}",
      1024,        78,         0,   0.004,pymatching,dcd629216d9b436bf19306762d995fb3366c77847c2890703074e50658972b0e,"{""d"":5,""p"":0.01}",
      7168,       149,         0,   0.015,pymatching,de51193d288436f6c97e04fcdf32c54a6a50b65e37193e30dde7df2cd38dfc26,"{""d"":5,""p"":0.006}",
      2048,        51,         0,   0.004,pymatching,de51193d288436f6c97e04fcdf32c54a6a50b65e37193e30dde7df2cd38dfc26,"{""d"":5,""p"":0.006}",
      8192,       108,         0,   0.014,pymatching,6ef7c9a2dc776676220fb4fafb4e6d237ce1821deb98a906045320f3da087b6e,"{""d"":5,""p"":0.005}",
     27648,        29,         0,   0.019,pymatching,8aa360e870d1eb00ad6e4b51b840f954bf020a215cf27dae749285dcd3cf81df,"{""d"":5,""p"":0.002}",
     14336,       110,         0,   0.019,pymatching,312831638b4270e29f63dbb8cec420fd84897ba52514179d8fa18d949c625c3d,"{""d"":5,""p"":0.004}",
     19456,        62,         0,   0.020,pymatching,97618d31779b47f328fd081bd567b7220727825de7cb1fc1867403f19a502d2d,"{""d"":5,""p"":0.003}",
      7168,        60,         0,   0.010,pymatching,312831638b4270e29f63dbb8cec420fd84897ba52514179d8fa18d949c625c3d,"{""d"":5,""p"":0.004}",
     38912,        53,         0,   0.027,pymatching,8aa360e870d1eb00ad6e4b51b840f954bf020a215cf27dae749285dcd3cf81df,"{""d"":5,""p"":0.002}",
      3345,         7,         0,   0.011,pymatching,c92b1dc13b1e8072cfc5479c2b3a96b2c745d70ce4fff19b9b2c36e889782f73,"{""d"":7,""p"":0.003}",
     26624,       102,         0,   0.027,pymatching,97618d31779b47f328fd081bd567b7220727825de7cb1fc1867403f19a502d2d,"{""d"":5,""p"":0.003}",
      5393,         0,         0,   0.012,pymatching,5de4778ed950ca4e70297f31ebb086fe3822389ed097823163a6f003ed4687d8,"{""d"":7,""p"":0.002}",
      2321,        10,         0,   0.011,pymatching,6aa0a7d6b1414f8529d6ac6663b06ae76b6de5fd8bb78895242e46a98f8cc77c,"{""d"":7,""p"":0.004}",
      2321,        26,         0,   0.014,pymatching,a9bd790b3ad7e5ab088ea7d60158a72fc0077425eb63be317054c6e6d8e690ec,"{""d"":7,""p"":0.005}",
      5120,         7,         0,   0.016,pymatching,c92b1dc13b1e8072cfc5479c2b3a96b2c745d70ce4fff19b9b2c36e889782f73,"{""d"":7,""p"":0.003}",
      1297,        26,         0,   0.010,pymatching,8db86b91bd047d20944a7d06bbfb9c4d12722599436e4a98d87667767e2254dd,"{""d"":7,""p"":0.006}",
      7168,         1,         0,   0.015,pymatching,5de4778ed950ca4e70297f31ebb086fe3822389ed097823163a6f003ed4687d8,"{""d"":7,""p"":0.002}",
      4096,        22,         0,   0.017,pymatching,6aa0a7d6b1414f8529d6ac6663b06ae76b6de5fd8bb78895242e46a98f8cc77c,"{""d"":7,""p"":0.004}",
     26624,        75,         0,   0.027,pymatching,97618d31779b47f328fd081bd567b7220727825de7cb1fc1867403f19a502d2d,"{""d"":5,""p"":0.003}",
      3072,        31,         0,   0.017,pymatching,a9bd790b3ad7e5ab088ea7d60158a72fc0077425eb63be317054c6e6d8e690ec,"{""d"":7,""p"":0.005}",
      2048,        40,         0,   0.015,pymatching,8db86b91bd047d20944a7d06bbfb9c4d12722599436e4a98d87667767e2254dd,"{""d"":7,""p"":0.006}",
      1297,        42,         0,   0.012,pymatching,8b3ead384ee49223bb942f0aa516dbcd4e82c8d119bd72956c14b503d27f9489,"{""d"":7,""p"":0.007}",
     54272,        63,         0,   0.037,pymatching,8aa360e870d1eb00ad6e4b51b840f954bf020a215cf27dae749285dcd3cf81df,"{""d"":5,""p"":0.002}",
     10240,         1,         0,   0.021,pymatching,5de4778ed950ca4e70297f31ebb086fe3822389ed097823163a6f003ed4687d8,"{""d"":7,""p"":0.002}",
      7168,        12,         0,   0.022,pymatching,c92b1dc13b1e8072cfc5479c2b3a96b2c745d70ce4fff19b9b2c36e889782f73,"{""d"":7,""p"":0.003}",
      5120,        26,         0,   0.022,pymatching,6aa0a7d6b1414f8529d6ac6663b06ae76b6de5fd8bb78895242e46a98f8cc77c,"{""d"":7,""p"":0.004}",
      2048,        83,         0,   0.018,pymatching,8b3ead384ee49223bb942f0aa516dbcd4e82c8d119bd72956c14b503d27f9489,"{""d"":7,""p"":0.007}",
      3072,        67,         0,   0.021,pymatching,8db86b91bd047d20944a7d06bbfb9c4d12722599436e4a98d87667767e2254dd,"{""d"":7,""p"":0.006}",
      4096,        46,         0,   0.023,pymatching,a9bd790b3ad7e5ab088ea7d60158a72fc0077425eb63be317054c6e6d8e690ec,"{""d"":7,""p"":0.005}",
     13312,         1,         0,   0.028,pymatching,5de4778ed950ca4e70297f31ebb086fe3822389ed097823163a6f003ed4687d8,"{""d"":7,""p"":0.002}",
      9216,        19,         0,   0.028,pymatching,c92b1dc13b1e8072cfc5479c2b3a96b2c745d70ce4fff19b9b2c36e889782f73,"{""d"":7,""p"":0.003}",
     46127,        46,         0,   0.032,pymatching,8aa360e870d1eb00ad6e4b51b840f954bf020a215cf27dae749285dcd3cf81df,"{""d"":5,""p"":0.002}",
      7168,        28,         0,   0.031,pymatching,6aa0a7d6b1414f8529d6ac6663b06ae76b6de5fd8bb78895242e46a98f8cc77c,"{""d"":7,""p"":0.004}",
      3072,        94,         0,   0.026,pymatching,8b3ead384ee49223bb942f0aa516dbcd4e82c8d119bd72956c14b503d27f9489,"{""d"":7,""p"":0.007}",
      1297,        77,         0,   0.014,pymatching,9123b775fb359e812f6cf20ee3b62f5ed0865e89571a34679d8d5cff350f9dfd,"{""d"":7,""p"":0.008}",
      4096,        90,         0,   0.029,pymatching,8db86b91bd047d20944a7d06bbfb9c4d12722599436e4a98d87667767e2254dd,"{""d"":7,""p"":0.006}",
      5120,        62,         0,   0.028,pymatching,a9bd790b3ad7e5ab088ea7d60158a72fc0077425eb63be317054c6e6d8e690ec,"{""d"":7,""p"":0.005}",
      2048,       111,         0,   0.021,pymatching,9123b775fb359e812f6cf20ee3b62f5ed0865e89571a34679d8d5cff350f9dfd,"{""d"":7,""p"":0.008}",
      3072,        95,         0,   0.027,pymatching,8b3ead384ee49223bb942f0aa516dbcd4e82c8d119bd72956c14b503d27f9489,"{""d"":7,""p"":0.007}",
     19456,         5,         0,   0.040,pymatching,5de4778ed950ca4e70297f31ebb086fe3822389ed097823163a6f003ed4687d8,"{""d"":7,""p"":0.002}",
     13312,        20,         0,   0.041,pymatching,c92b1dc13b1e8072cfc5479c2b3a96b2c745d70ce4fff19b9b2c36e889782f73,"{""d"":7,""p"":0.003}",
      4096,        81,         0,   0.029,pymatching,8db86b91bd047d20944a7d06bbfb9c4d12722599436e4a98d87667767e2254dd,"{""d"":7,""p"":0.006}",
      1297,       143,         0,   0.019,pymatching,848630e5ba565f9ddef73c2b8f1459736ece4eab31e77c24498a1da8d28ca595,"{""d"":7,""p"":0.01}",
      9216,        31,         0,   0.039,pymatching,6aa0a7d6b1414f8529d6ac6663b06ae76b6de5fd8bb78895242e46a98f8cc77c,"{""d"":7,""p"":0.004}",
      7168,        76,         0,   0.040,pymatching,a9bd790b3ad7e5ab088ea7d60158a72fc0077425eb63be317054c6e6d8e690ec,"{""d"":7,""p"":0.005}",
      2048,       105,         0,   0.021,pymatching,9123b775fb359e812f6cf20ee3b62f5ed0865e89571a34679d8d5cff350f9dfd,"{""d"":7,""p"":0.008}",
      1024,        44,         0,   0.010,pymatching,9123b775fb359e812f6cf20ee3b62f5ed0865e89571a34679d8d5cff350f9dfd,"{""d"":7,""p"":0.008}",
      2048,       219,         0,   0.028,pymatching,848630e5ba565f9ddef73c2b8f1459736ece4eab31e77c24498a1da8d28ca595,"{""d"":7,""p"":0.01}",
      5393,         2,         0,   0.011,pymatching,5de4778ed950ca4e70297f31ebb086fe3822389ed097823163a6f003ed4687d8,"{""d"":7,""p"":0.002}",
      3345,         5,         0,   0.011,pymatching,c92b1dc13b1e8072cfc5479c2b3a96b2c745d70ce4fff19b9b2c36e889782f73,"{""d"":7,""p"":0.003}",
     26624,         6,         0,   0.055,pymatching,5de4778ed950ca4e70297f31ebb086fe3822389ed097823163a6f003ed4687d8,"{""d"":7,""p"":0.002}",
      7168,        64,         0,   0.041,pymatching,a9bd790b3ad7e5ab088ea7d60158a72fc0077425eb63be317054c6e6d8e690ec,"{""d"":7,""p"":0.005}",
     17408,        22,         0,   0.054,pymatching,c92b1dc13b1e8072cfc5479c2b3a96b2c745d70ce4fff19b9b2c36e889782f73,"{""d"":7,""p"":0.003}",
      7168,         3,         0,   0.015,pymatching,5de4778ed950ca4e70297f31ebb086fe3822389ed097823163a6f003ed4687d8,"{""d"":7,""p"":0.002}",
     13312,        51,         0,   0.056,pymatching,6aa0a7d6b1414f8529d6ac6663b06ae76b6de5fd8bb78895242e46a98f8cc77c,"{""d"":7,""p"":0.004}",
      5120,        10,         0,   0.016,pymatching,c92b1dc13b1e8072cfc5479c2b3a96b2c745d70ce4fff19b9b2c36e889782f73,"{""d"":7,""p"":0.003}",
      2321,        11,         0,   0.011,pymatching,6aa0a7d6b1414f8529d6ac6663b06ae76b6de5fd8bb78895242e46a98f8cc77c,"{""d"":7,""p"":0.004}",
     10240,         3,         0,   0.021,pymatching,5de4778ed950ca4e70297f31ebb086fe3822389ed097823163a6f003ed4687d8,"{""d"":7,""p"":0.002}",
      7168,         6,         0,   0.021,pymatching,c92b1dc13b1e8072cfc5479c2b3a96b2c745d70ce4fff19b9b2c36e889782f73,"{""d"":7,""p"":0.003}",
      4096,        24,         0,   0.017,pymatching,6aa0a7d6b1414f8529d6ac6663b06ae76b6de5fd8bb78895242e46a98f8cc77c,"{""d"":7,""p"":0.004}",
      3345,         3,         0,   0.011,pymatching,c92b1dc13b1e8072cfc5479c2b3a96b2c745d70ce4fff19b9b2c36e889782f73,"{""d"":7,""p"":0.003}",
      5393,         3,         0,   0.011,pymatching,5de4778ed950ca4e70297f31ebb086fe3822389ed097823163a6f003ed4687d8,"{""d"":7,""p"":0.002}",
     13312,         2,         0,   0.027,pymatching,5de4778ed950ca4e70297f31ebb086fe3822389ed097823163a6f003ed4687d8,"{""d"":7,""p"":0.002}",
      5120,        30,         0,   0.022,pymatching,6aa0a7d6b1414f8529d6ac6663b06ae76b6de5fd8bb78895242e46a98f8cc77c,"{""d"":7,""p"":0.004}",
      9216,        20,         0,   0.028,pymatching,c92b1dc13b1e8072cfc5479c2b3a96b2c745d70ce4fff19b9b2c36e889782f73,"{""d"":7,""p"":0.003}",
      7168,         2,         0,   0.015,pymatching,5de4778ed950ca4e70297f31ebb086fe3822389ed097823163a6f003ed4687d8,"{""d"":7,""p"":0.002}",
      5120,         6,         0,   0.016,pymatching,c92b1dc13b1e8072cfc5479c2b3a96b2c745d70ce4fff19b9b2c36e889782f73,"{""d"":7,""p"":0.003}",
     35082,         9,         0,   0.071,pymatching,5de4778ed950ca4e70297f31ebb086fe3822389ed097823163a6f003ed4687d8,"{""d"":7,""p"":0.002}",
     24576,        26,         0,   0.076,pymatching,c92b1dc13b1e8072cfc5479c2b3a96b2c745d70ce4fff19b9b2c36e889782f73,"{""d"":7,""p"":0.003}",
     11351,         5,         0,   0.023,pymatching,5de4778ed950ca4e70297f31ebb086fe3822389ed097823163a6f003ed4687d8,"{""d"":7,""p"":0.002}",
      8192,         4,         0,   0.017,pymatching,5de4778ed950ca4e70297f31ebb086fe3822389ed097823163a6f003ed4687d8,"{""d"":7,""p"":0.002}",
     17408,        62,         0,   0.075,pymatching,6aa0a7d6b1414f8529d6ac6663b06ae76b6de5fd8bb78895242e46a98f8cc77c,"{""d"":7,""p"":0.004}",
      7168,        12,         0,   0.022,pymatching,c92b1dc13b1e8072cfc5479c2b3a96b2c745d70ce4fff19b9b2c36e889782f73,"{""d"":7,""p"":0.003}",
      7168,        35,         0,   0.030,pymatching,6aa0a7d6b1414f8529d6ac6663b06ae76b6de5fd8bb78895242e46a98f8cc77c,"{""d"":7,""p"":0.004}",
      2048,         8,         0,   0.009,pymatching,6aa0a7d6b1414f8529d6ac6663b06ae76b6de5fd8bb78895242e46a98f8cc77c,"{""d"":7,""p"":0.004}",
      1024,         4,         0,   0.004,pymatching,6aa0a7d6b1414f8529d6ac6663b06ae76b6de5fd8bb78895242e46a98f8cc77c,"{""d"":7,""p"":0.004}",
      7168,         2,         0,   0.014,pymatching,5de4778ed950ca4e70297f31ebb086fe3822389ed097823163a6f003ed4687d8,"{""d"":7,""p"":0.002}",
      3159,         2,         0,   0.007,pymatching,5de4778ed950ca4e70297f31ebb086fe3822389ed097823163a6f003ed4687d8,"{""d"":7,""p"":0.002}",
     12288,        28,         0,   0.039,pymatching,c92b1dc13b1e8072cfc5479c2b3a96b2c745d70ce4fff19b9b2c36e889782f73,"{""d"":7,""p"":0.003}",
      3627,         1,         0,   0.008,pymatching,5de4778ed950ca4e70297f31ebb086fe3822389ed097823163a6f003ed4687d8,"{""d"":7,""p"":0.002}",
       139,         0,         0,   0.000,pymatching,5de4778ed950ca4e70297f31ebb086fe3822389ed097823163a6f003ed4687d8,"{""d"":7,""p"":0.002}",
       104,         0,         0,   0.000,pymatching,5de4778ed950ca4e70297f31ebb086fe3822389ed097823163a6f003ed4687d8,"{""d"":7,""p"":0.002}",
       104,         0,         0,   0.000,pymatching,5de4778ed950ca4e70297f31ebb086fe3822389ed097823163a6f003ed4687d8,"{""d"":7,""p"":0.002}",
      9216,        20,         0,   0.028,pymatching,c92b1dc13b1e8072cfc5479c2b3a96b2c745d70ce4fff19b9b2c36e889782f73,"{""d"":7,""p"":0.003}",
        52,         0,         0,   0.000,pymatching,5de4778ed950ca4e70297f31ebb086fe3822389ed097823163a6f003ed4687d8,"{""d"":7,""p"":0.002}",
        39,         0,         0,   0.001,pymatching,5de4778ed950ca4e70297f31ebb086fe3822389ed097823163a6f003ed4687d8,"{""d"":7,""p"":0.002}",
      7556,         7,         0,   0.023,pymatching,c92b1dc13b1e8072cfc5479c2b3a96b2c745d70ce4fff19b9b2c36e889782f73,"{""d"":7,""p"":0.003}",
     15360,        20,         0,   0.047,pymatching,c92b1dc13b1e8072cfc5479c2b3a96b2c745d70ce4fff19b9b2c36e889782f73,"{""d"":7,""p"":0.003}",
        29,         0,         0,   0.000,pymatching,5de4778ed950ca4e70297f31ebb086fe3822389ed097823163a6f003ed4687d8,"{""d"":7,""p"":0.002}",
        39,         0,         0,   0.000,pymatching,5de4778ed950ca4e70297f31ebb086fe3822389ed097823163a6f003ed4687d8,"{""d"":7,""p"":0.002}",
      3345,         6,         0,   0.011,pymatching,c92b1dc13b1e8072cfc5479c2b3a96b2c745d70ce4fff19b9b2c36e889782f73,"{""d"":7,""p"":0.003}",
        29,         0,         0,   0.000,pymatching,5de4778ed950ca4e70297f31ebb086fe3822389ed097823163a6f003ed4687d8,"{""d"":7,""p"":0.002}",
         5,         0,         0,   0.000,pymatching,5de4778ed950ca4e70297f31ebb086fe3822389ed097823163a6f003ed4687d8,"{""d"":7,""p"":0.002}",
         9,         0,         0,   0.000,pymatching,5de4778ed950ca4e70297f31ebb086fe3822389ed097823163a6f003ed4687d8,"{""d"":7,""p"":0.002}",
      8739,         6,         0,   0.027,pymatching,c92b1dc13b1e8072cfc5479c2b3a96b2c745d70ce4fff19b9b2c36e889782f73,"{""d"":7,""p"":0.003}",
         4,         0,         0,   0.000,pymatching,5de4778ed950ca4e70297f31ebb086fe3822389ed097823163a6f003ed4687d8,"{""d"":7,""p"":0.002}",
      5120,         5,         0,   0.015,pymatching,c92b1dc13b1e8072cfc5479c2b3a96b2c745d70ce4fff19b9b2c36e889782f73,"{""d"":7,""p"":0.003}",
       598,         1,         0,   0.002,pymatching,c92b1dc13b1e8072cfc5479c2b3a96b2c745d70ce4fff19b9b2c36e889782f73,"{""d"":7,""p"":0.003}",
         1,         0,         0,   0.000,pymatching,5de4778ed950ca4e70297f31ebb086fe3822389ed097823163a6f003ed4687d8,"{""d"":7,""p"":0.002}",
      4288,         6,         0,   0.013,pymatching,c92b1dc13b1e8072cfc5479c2b3a96b2c745d70ce4fff19b9b2c36e889782f73,"{""d"":7,""p"":0.003}",
      4288,         9,         0,   0.013,pymatching,c92b1dc13b1e8072cfc5479c2b3a96b2c745d70ce4fff19b9b2c36e889782f73,"{""d"":7,""p"":0.003}",
      1072,         1,         0,   0.003,pymatching,c92b1dc13b1e8072cfc5479c2b3a96b2c745d70ce4fff19b9b2c36e889782f73,"{""d"":7,""p"":0.003}",
       358,         1,         0,   0.001,pymatching,c92b1dc13b1e8072cfc5479c2b3a96b2c745d70ce4fff19b9b2c36e889782f73,"{""d"":7,""p"":0.003}",
      1024,         0,         0,   0.003,pymatching,c92b1dc13b1e8072cfc5479c2b3a96b2c745d70ce4fff19b9b2c36e889782f73,"{""d"":7,""p"":0.003}",
       938,         0,         0,   0.003,pymatching,c92b1dc13b1e8072cfc5479c2b3a96b2c745d70ce4fff19b9b2c36e889782f73,"{""d"":7,""p"":0.003}",
       938,         1,         0,   0.004,pymatching,c92b1dc13b1e8072cfc5479c2b3a96b2c745d70ce4fff19b9b2c36e889782f73,"{""d"":7,""p"":0.003}",
       648,         0,         0,   0.002,pymatching,c92b1dc13b1e8072cfc5479c2b3a96b2c745d70ce4fff19b9b2c36e889782f73,"{""d"":7,""p"":0.003}",
       531,         0,         0,   0.002,pymatching,c92b1dc13b1e8072cfc5479c2b3a96b2c745d70ce4fff19b9b2c36e889782f73,"{""d"":7,""p"":0.003}",
       268,         0,         0,   0.001,pymatching,c92b1dc13b1e8072cfc5479c2b3a96b2c745d70ce4fff19b9b2c36e889782f73,"{""d"":7,""p"":0.003}",
       350,         0,         0,   0.002,pymatching,c92b1dc13b1e8072cfc5479c2b3a96b2c745d70ce4fff19b9b2c36e889782f73,"{""d"":7,""p"":0.003}",
       354,         2,         0,   0.001,pymatching,c92b1dc13b1e8072cfc5479c2b3a96b2c745d70ce4fff19b9b2c36e889782f73,"{""d"":7,""p"":0.003}",
       648,         0,         0,   0.002,pymatching,c92b1dc13b1e8072cfc5479c2b3a96b2c745d70ce4fff19b9b2c36e889782f73,"{""d"":7,""p"":0.003}",
       199,         0,         0,   0.001,pymatching,c92b1dc13b1e8072cfc5479c2b3a96b2c745d70ce4fff19b9b2c36e889782f73,"{""d"":7,""p"":0.003}",
       262,         2,         0,   0.001,pymatching,c92b1dc13b1e8072cfc5479c2b3a96b2c745d70ce4fff19b9b2c36e889782f73,"{""d"":7,""p"":0.003}",
       350,         1,         0,   0.001,pymatching,c92b1dc13b1e8072cfc5479c2b3a96b2c745d70ce4fff19b9b2c36e889782f73,"{""d"":7,""p"":0.003}",
       384,         1,         0,   0.001,pymatching,c92b1dc13b1e8072cfc5479c2b3a96b2c745d70ce4fff19b9b2c36e889782f73,"{""d"":7,""p"":0.003}",
        80,         0,         0,   0.000,pymatching,c92b1dc13b1e8072cfc5479c2b3a96b2c745d70ce4fff19b9b2c36e889782f73,"{""d"":7,""p"":0.003}",
        22,         0,         0,   0.000,pymatching,c92b1dc13b1e8072cfc5479c2b3a96b2c745d70ce4fff19b9b2c36e889782f73,"{""d"":7,""p"":0.003}",
        32,         0,         0,   0.000,pymatching,c92b1dc13b1e8072cfc5479c2b3a96b2c745d70ce4fff19b9b2c36e889782f73,"{""d"":7,""p"":0.003}",
        32,         0,         0,   0.000,pymatching,c92b1dc13b1e8072cfc5479c2b3a96b2c745d70ce4fff19b9b2c36e889782f73,"{""d"":7,""p"":0.003}",
        32,         0,         0,   0.000,pymatching,c92b1dc13b1e8072cfc5479c2b3a96b2c745d70ce4fff19b9b2c36e889782f73,"{""d"":7,""p"":0.003}",
        22,         0,         0,   0.000,pymatching,c92b1dc13b1e8072cfc5479c2b3a96b2c745d70ce4fff19b9b2c36e889782f73,"{""d"":7,""p"":0.003}",
         3,         0,         0,   0.000,pymatching,c92b1dc13b1e8072cfc5479c2b3a96b2c745d70ce4fff19b9b2c36e889782f73,"{""d"":7,""p"":0.003}",
         2,         0,         0,   0.000,pymatching,c92b1dc13b1e8072cfc5479c2b3a96b2c745d70ce4fff19b9b2c36e889782f73,"{""d"":7,""p"":0.003}",
         6,         0,         0,   0.000,pymatching,c92b1dc13b1e8072cfc5479c2b3a96b2c745d70ce4fff19b9b2c36e889782f73,"{""d"":7,""p"":0.003}",
         1,         0,         0,   0.000,pymatching,c92b1dc13b1e8072cfc5479c2b3a96b2c745d70ce4fff19b9b2c36e889782f73,"{""d"":7,""p"":0.003}",
         7,         0,         0,   0.000,pymatching,c92b1dc13b1e8072cfc5479c2b3a96b2c745d70ce4fff19b9b2c36e889782f73,"{""d"":7,""p"":0.003}",
         2,         0,         0,   0.000,pymatching,c92b1dc13b1e8072cfc5479c2b3a96b2c745d70ce4fff19b9b2c36e889782f73,"{""d"":7,""p"":0.003}",
         4,         0,         0,   0.000,pymatching,c92b1dc13b1e8072cfc5479c2b3a96b2c745d70ce4fff19b9b2c36e889782f73,"{""d"":7,""p"":0.003}",
         1,         0,         0,   0.000,pymatching,c92b1dc13b1e8072cfc5479c2b3a96b2c745d70ce4fff19b9b2c36e889782f73,"{""d"":7,""p"":0.003}",
         2,         0,         0,   0.000,pymatching,c92b1dc13b1e8072cfc5479c2b3a96b2c745d70ce4fff19b9b2c36e889782f73,"{""d"":7,""p"":0.003}",
         1,         0,         0,   0.000,pymatching,c92b1dc13b1e8072cfc5479c2b3a96b2c745d70ce4fff19b9b2c36e889782f73,"{""d"":7,""p"":0.003}",
         1,         0,         0,   0.000,pymatching,c92b1dc13b1e8072cfc5479c2b3a96b2c745d70ce4fff19b9b2c36e889782f73,"{""d"":7,""p"":0.003}",
         1,         0,         0,   0.000,pymatching,c92b1dc13b1e8072cfc5479c2b3a96b2c745d70ce4fff19b9b2c36e889782f73,"{""d"":7,""p"":0.003}",
