key,distance,patch,basis,rounds,method,prior,shots,errors,ties,seconds
d5_at_q4_7/X/r01,5,q4_7,X,1,exact,si1000,50000,154,0,7.14
d5_at_q4_7/X/r01,5,q4_7,X,1,exact,rl,50000,152,0,7.88
d5_at_q4_7/Z/r01,5,q4_7,Z,1,exact,si1000,50000,63,0,7.18
d5_at_q4_7/Z/r01,5,q4_7,Z,1,exact,rl,50000,65,0,7.88
d5_at_q6_5/X/r01,5,q6_5,X,1,exact,si1000,50000,126,0,8.05
d5_at_q6_5/X/r01,5,q6_5,X,1,exact,rl,50000,116,0,7.77
d5_at_q6_5/Z/r01,5,q6_5,Z,1,exact,si1000,50000,52,0,8.05
d5_at_q6_5/Z/r01,5,q6_5,Z,1,exact,rl,50000,54,0,7.73
d5_at_q6_9/Z/r01,5,q6_9,Z,1,exact,si1000,50000,65,0,7.45
d5_at_q6_9/Z/r01,5,q6_9,Z,1,exact,rl,50000,65,0,7.44
d5_at_q6_9/X/r01,5,q6_9,X,1,exact,si1000,50000,130,0,7.45
d5_at_q6_9/X/r01,5,q6_9,X,1,exact,rl,50000,117,0,7.49
d5_at_q8_7/X/r01,5,q8_7,X,1,exact,si1000,50000,166,0,7.45
d5_at_q8_7/X/r01,5,q8_7,X,1,exact,rl,50000,164,0,7.55
d5_at_q8_7/Z/r01,5,q8_7,Z,1,exact,si1000,50000,81,0,7.51
d5_at_q8_7/Z/r01,5,q8_7,Z,1,exact,rl,50000,78,0,7.58
d7_at_q6_7/Z/r210,7,q6_7,Z,210,mwpm_gap,si1000,50000,20443,139,56.66
d7_at_q6_7/Z/r210,7,q6_7,Z,210,mwpm_gap,rl,50000,20400,0,56.84
d7_at_q6_7/X/r210,7,q6_7,X,210,mwpm_gap,si1000,50000,20597,94,58.81
d7_at_q6_7/X/r210,7,q6_7,X,210,mwpm_gap,rl,50000,20549,0,57.38
d7_at_q6_7/Z/r230,7,q6_7,Z,230,mwpm_gap,si1000,50000,21112,150,64.4
d7_at_q6_7/Z/r230,7,q6_7,Z,230,mwpm_gap,rl,50000,20894,0,64.69
d7_at_q6_7/X/r230,7,q6_7,X,230,mwpm_gap,si1000,50000,22116,117,68.82
d7_at_q6_7/X/r230,7,q6_7,X,230,mwpm_gap,rl,50000,21909,0,67.13
d7_at_q6_7/Z/r250,7,q6_7,Z,250,mwpm_gap,si1000,50000,20814,164,70.77
d7_at_q6_7/Z/r250,7,q6_7,Z,250,mwpm_gap,rl,50000,20596,0,71.42
d7_at_q6_7/X/r250,7,q6_7,X,250,mwpm_gap,si1000,50000,21974,99,73.66
d7_at_q6_7/X/r250,7,q6_7,X,250,mwpm_gap,rl,50000,21707,0,72.4
d7_at_q6_7/Z/r190,7,q6_7,Z,190,mwpm_gap,si1000,50000,20345,129,49.01
d7_at_q6_7/Z/r190,7,q6_7,Z,190,mwpm_gap,rl,50000,20360,0,49.74
d7_at_q6_7/X/r190,7,q6_7,X,190,mwpm_gap,si1000,50000,20824,93,52.09
d7_at_q6_7/X/r190,7,q6_7,X,190,mwpm_gap,rl,50000,20589,0,50.78
d7_at_q6_7/Z/r170,7,q6_7,Z,170,mwpm_gap,si1000,50000,18400,109,41.49
d7_at_q6_7/Z/r170,7,q6_7,Z,170,mwpm_gap,rl,50000,18467,0,41.99
d7_at_q6_7/X/r150,7,q6_7,X,150,mwpm_gap,si1000,50000,18377,74,35.93
d7_at_q6_7/X/r150,7,q6_7,X,150,mwpm_gap,rl,50000,18125,0,35.85
d7_at_q6_7/X/r170,7,q6_7,X,170,mwpm_gap,si1000,50000,20399,90,44.89
d7_at_q6_7/X/r170,7,q6_7,X,170,mwpm_gap,rl,50000,20087,0,43.73
d7_at_q6_7/Z/r130,7,q6_7,Z,130,mwpm_gap,si1000,50000,15681,78,29.65
d7_at_q6_7/Z/r130,7,q6_7,Z,130,mwpm_gap,rl,50000,15543,0,30.27
d7_at_q6_7/Z/r150,7,q6_7,Z,150,mwpm_gap,si1000,50000,17628,91,35.04
d7_at_q6_7/Z/r150,7,q6_7,Z,150,mwpm_gap,rl,50000,17574,0,35.75
d5_at_q4_7/Z/r250,5,q4_7,Z,250,mwpm_gap,si1000,50000,22823,378,21.86
d5_at_q4_7/Z/r250,5,q4_7,Z,250,mwpm_gap,rl,50000,22545,0,21.43
d5_at_q4_7/X/r250,5,q4_7,X,250,mwpm_gap,si1000,50000,23639,0,23.92
d5_at_q4_7/X/r250,5,q4_7,X,250,mwpm_gap,rl,50000,23525,0,23.75
d7_at_q6_7/X/r130,7,q6_7,X,130,mwpm_gap,si1000,50000,17751,53,32.91
d7_at_q6_7/X/r130,7,q6_7,X,130,mwpm_gap,rl,50000,17312,0,32.87
d5_at_q4_7/Z/r230,5,q4_7,Z,230,mwpm_gap,si1000,50000,22301,314,20.05
d5_at_q4_7/Z/r230,5,q4_7,Z,230,mwpm_gap,rl,50000,22143,0,19.73
d5_at_q6_5/Z/r250,5,q6_5,Z,250,mwpm_gap,si1000,50000,22802,421,24.12
d5_at_q6_5/Z/r250,5,q6_5,Z,250,mwpm_gap,rl,50000,22793,0,24.89
d5_at_q4_7/X/r230,5,q4_7,X,230,mwpm_gap,si1000,50000,23481,0,21.45
d5_at_q4_7/X/r230,5,q4_7,X,230,mwpm_gap,rl,50000,23402,0,21.67
d5_at_q6_9/X/r250,5,q6_9,X,250,mwpm_gap,si1000,50000,24258,0,26.48
d5_at_q6_9/X/r250,5,q6_9,X,250,mwpm_gap,rl,50000,24297,0,26.09
d5_at_q6_5/X/r250,5,q6_5,X,250,mwpm_gap,si1000,50000,24055,0,27.88
d5_at_q6_5/X/r250,5,q6_5,X,250,mwpm_gap,rl,50000,23975,0,28.92
d5_at_q6_9/Z/r250,5,q6_9,Z,250,mwpm_gap,si1000,50000,24345,471,27.68
d5_at_q6_9/Z/r250,5,q6_9,Z,250,mwpm_gap,rl,50000,23920,0,27.17
d5_at_q8_7/Z/r250,5,q8_7,Z,250,mwpm_gap,si1000,50000,24143,374,27.04
d5_at_q8_7/Z/r250,5,q8_7,Z,250,mwpm_gap,rl,50000,23994,0,27.38
d5_at_q8_7/X/r250,5,q8_7,X,250,mwpm_gap,si1000,50000,24624,0,33.02
d5_at_q8_7/X/r250,5,q8_7,X,250,mwpm_gap,rl,50000,24500,0,34.02
d5_at_q6_5/Z/r230,5,q6_5,Z,230,mwpm_gap,si1000,50000,22562,387,21.51
d5_at_q6_5/Z/r230,5,q6_5,Z,230,mwpm_gap,rl,50000,22352,0,23.18
d5_at_q6_9/X/r230,5,q6_9,X,230,mwpm_gap,si1000,50000,24056,0,23.92
d5_at_q6_9/X/r230,5,q6_9,X,230,mwpm_gap,rl,50000,24066,0,24.11
d5_at_q6_5/X/r230,5,q6_5,X,230,mwpm_gap,si1000,50000,24464,0,26.16
d5_at_q6_5/X/r230,5,q6_5,X,230,mwpm_gap,rl,50000,24308,0,27.51
d5_at_q6_9/Z/r230,5,q6_9,Z,230,mwpm_gap,si1000,50000,24056,466,26.03
d5_at_q6_9/Z/r230,5,q6_9,Z,230,mwpm_gap,rl,50000,24108,0,24.03
d7_at_q6_7/X/r110,7,q6_7,X,110,mwpm_gap,si1000,50000,15704,37,26.02
d7_at_q6_7/X/r110,7,q6_7,X,110,mwpm_gap,rl,50000,15286,0,24.76
d5_at_q8_7/Z/r230,5,q8_7,Z,230,mwpm_gap,si1000,50000,23920,436,26.4
d5_at_q8_7/Z/r230,5,q8_7,Z,230,mwpm_gap,rl,50000,23754,0,24.92
d5_at_q8_7/X/r230,5,q8_7,X,230,mwpm_gap,si1000,50000,24483,0,30.32
d5_at_q8_7/X/r230,5,q8_7,X,230,mwpm_gap,rl,50000,24278,0,29.65
d7_at_q6_7/Z/r110,7,q6_7,Z,110,mwpm_gap,si1000,50000,14646,62,25.76
d7_at_q6_7/Z/r110,7,q6_7,Z,110,mwpm_gap,rl,50000,14747,0,25.03
d5_at_q4_7/Z/r210,5,q4_7,Z,210,mwpm_gap,si1000,50000,21828,316,17.29
d5_at_q4_7/Z/r210,5,q4_7,Z,210,mwpm_gap,rl,50000,21815,0,16.98
d5_at_q4_7/X/r210,5,q4_7,X,210,mwpm_gap,si1000,50000,23016,0,19.31
d5_at_q4_7/X/r210,5,q4_7,X,210,mwpm_gap,rl,50000,22926,0,19.48
d5_at_q6_5/X/r210,5,q6_5,X,210,mwpm_gap,si1000,50000,23448,0,20.38
d5_at_q6_5/X/r210,5,q6_5,X,210,mwpm_gap,rl,50000,23236,0,21.04
d5_at_q6_5/Z/r210,5,q6_5,Z,210,mwpm_gap,si1000,50000,22823,396,18.91
d5_at_q6_5/Z/r210,5,q6_5,Z,210,mwpm_gap,rl,50000,22973,0,19.46
d5_at_q6_9/X/r210,5,q6_9,X,210,mwpm_gap,si1000,50000,23619,0,19.59
d5_at_q6_9/X/r210,5,q6_9,X,210,mwpm_gap,rl,50000,23636,0,19.38
d5_at_q6_9/Z/r210,5,q6_9,Z,210,mwpm_gap,si1000,50000,23328,370,20.47
d5_at_q6_9/Z/r210,5,q6_9,Z,210,mwpm_gap,rl,50000,23248,0,20.28
d5_at_q8_7/X/r210,5,q8_7,X,210,mwpm_gap,si1000,50000,23939,0,23.64
d5_at_q8_7/X/r210,5,q8_7,X,210,mwpm_gap,rl,50000,23504,0,24.33
d5_at_q4_7/Z/r190,5,q4_7,Z,190,mwpm_gap,si1000,50000,21963,283,15.91
d5_at_q4_7/Z/r190,5,q4_7,Z,190,mwpm_gap,rl,50000,21628,0,15.67
d5_at_q4_7/X/r190,5,q4_7,X,190,mwpm_gap,si1000,50000,23138,0,17.4
d5_at_q4_7/X/r190,5,q4_7,X,190,mwpm_gap,rl,50000,22958,0,17.4
d5_at_q6_5/Z/r190,5,q6_5,Z,190,mwpm_gap,si1000,50000,22180,346,16.67
d5_at_q6_5/Z/r190,5,q6_5,Z,190,mwpm_gap,rl,50000,22030,0,17.04
d5_at_q8_7/Z/r210,5,q8_7,Z,210,mwpm_gap,si1000,50000,23939,393,27.18
d5_at_q8_7/Z/r210,5,q8_7,Z,210,mwpm_gap,rl,50000,23786,0,26.54
d5_at_q6_5/X/r190,5,q6_5,X,190,mwpm_gap,si1000,50000,23287,0,19.24
d5_at_q6_5/X/r190,5,q6_5,X,190,mwpm_gap,rl,50000,23078,0,19.64
d5_at_q6_9/X/r190,5,q6_9,X,190,mwpm_gap,si1000,50000,23791,0,18.34
d5_at_q6_9/X/r190,5,q6_9,X,190,mwpm_gap,rl,50000,23697,0,17.73
d5_at_q6_9/Z/r190,5,q6_9,Z,190,mwpm_gap,si1000,50000,23674,367,19.37
d5_at_q6_9/Z/r190,5,q6_9,Z,190,mwpm_gap,rl,50000,23415,0,18.59
d5_at_q8_7/Z/r190,5,q8_7,Z,190,mwpm_gap,si1000,50000,23355,336,19.67
d5_at_q8_7/Z/r190,5,q8_7,Z,190,mwpm_gap,rl,50000,23248,0,19.71
d7_at_q6_7/X/r90,7,q6_7,X,90,mwpm_gap,si1000,50000,14070,41,19.26
d7_at_q6_7/X/r90,7,q6_7,X,90,mwpm_gap,rl,50000,13649,0,19.75
d5_at_q4_7/X/r170,5,q4_7,X,170,mwpm_gap,si1000,50000,22445,0,14.31
d5_at_q4_7/X/r170,5,q4_7,X,170,mwpm_gap,rl,50000,22251,0,14.58
d5_at_q8_7/X/r190,5,q8_7,X,190,mwpm_gap,si1000,50000,23830,0,21.43
d5_at_q8_7/X/r190,5,q8_7,X,190,mwpm_gap,rl,50000,23739,0,22.21
d5_at_q4_7/Z/r170,5,q4_7,Z,170,mwpm_gap,si1000,50000,20556,244,13.34
d5_at_q4_7/Z/r170,5,q4_7,Z,170,mwpm_gap,rl,50000,20279,0,13.18
d7_at_q6_7/Z/r90,7,q6_7,Z,90,mwpm_gap,si1000,50000,14860,75,19.76
d7_at_q6_7/Z/r90,7,q6_7,Z,90,mwpm_gap,rl,50000,14965,0,20.66
d5_at_q6_5/X/r170,5,q6_5,X,170,mwpm_gap,si1000,50000,22762,0,16.16
d5_at_q6_5/X/r170,5,q6_5,X,170,mwpm_gap,rl,50000,22406,0,16.78
d5_at_q6_5/Z/r170,5,q6_5,Z,170,mwpm_gap,si1000,50000,21443,313,14.43
d5_at_q6_5/Z/r170,5,q6_5,Z,170,mwpm_gap,rl,50000,21477,0,14.9
d5_at_q4_7/X/r150,5,q4_7,X,150,mwpm_gap,si1000,50000,21405,0,12.06
d5_at_q4_7/X/r150,5,q4_7,X,150,mwpm_gap,rl,50000,21056,0,12.13
d5_at_q6_9/X/r170,5,q6_9,X,170,mwpm_gap,si1000,50000,23267,0,15.4
d5_at_q6_9/X/r170,5,q6_9,X,170,mwpm_gap,rl,50000,23151,0,15.24
d5_at_q6_9/Z/r170,5,q6_9,Z,170,mwpm_gap,si1000,50000,22527,340,16.11
d5_at_q6_9/Z/r170,5,q6_9,Z,170,mwpm_gap,rl,50000,22428,0,15.66
d5_at_q4_7/Z/r150,5,q4_7,Z,150,mwpm_gap,si1000,50000,19585,207,11.53
d5_at_q4_7/Z/r150,5,q4_7,Z,150,mwpm_gap,rl,50000,19417,0,11.32
d5_at_q8_7/Z/r170,5,q8_7,Z,170,mwpm_gap,si1000,50000,22657,299,16.74
d5_at_q8_7/Z/r170,5,q8_7,Z,170,mwpm_gap,rl,50000,22657,0,16.62
d5_at_q8_7/X/r170,5,q8_7,X,170,mwpm_gap,si1000,50000,23304,0,18.3
d5_at_q8_7/X/r170,5,q8_7,X,170,mwpm_gap,rl,50000,23134,0,18.88
d5_at_q6_5/Z/r150,5,q6_5,Z,150,mwpm_gap,si1000,50000,19952,251,12.1
d5_at_q6_5/Z/r150,5,q6_5,Z,150,mwpm_gap,rl,50000,19803,0,12.43
d5_at_q6_5/X/r150,5,q6_5,X,150,mwpm_gap,si1000,50000,21940,0,13.84
d5_at_q6_5/X/r150,5,q6_5,X,150,mwpm_gap,rl,50000,21617,0,14.13
d5_at_q6_9/X/r150,5,q6_9,X,150,mwpm_gap,si1000,50000,22588,0,12.9
d5_at_q6_9/X/r150,5,q6_9,X,150,mwpm_gap,rl,50000,22632,0,12.75
d5_at_q6_9/Z/r150,5,q6_9,Z,150,mwpm_gap,si1000,50000,21576,283,13.58
d5_at_q6_9/Z/r150,5,q6_9,Z,150,mwpm_gap,rl,50000,21515,0,13.38
d5_at_q4_7/X/r130,5,q4_7,X,130,mwpm_gap,si1000,50000,20518,0,10.03
d5_at_q4_7/X/r130,5,q4_7,X,130,mwpm_gap,rl,50000,20232,0,10.05
d5_at_q4_7/Z/r130,5,q4_7,Z,130,mwpm_gap,si1000,50000,19144,199,10.1
d5_at_q4_7/Z/r130,5,q4_7,Z,130,mwpm_gap,rl,50000,18744,0,9.9
d5_at_q8_7/Z/r150,5,q8_7,Z,150,mwpm_gap,si1000,50000,22181,260,14.36
d5_at_q8_7/Z/r150,5,q8_7,Z,150,mwpm_gap,rl,50000,22095,0,14.32
d5_at_q8_7/X/r150,5,q8_7,X,150,mwpm_gap,si1000,50000,22738,0,15.52
d5_at_q8_7/X/r150,5,q8_7,X,150,mwpm_gap,rl,50000,22543,0,15.97
d7_at_q6_7/X/r70,7,q6_7,X,70,mwpm_gap,si1000,50000,12403,48,15.35
d7_at_q6_7/X/r70,7,q6_7,X,70,mwpm_gap,rl,50000,11834,0,15.62
d7_at_q6_7/Z/r70,7,q6_7,Z,70,mwpm_gap,si1000,50000,10253,45,15.41
d7_at_q6_7/Z/r70,7,q6_7,Z,70,mwpm_gap,rl,50000,10152,1,15.71
d5_at_q6_5/X/r130,5,q6_5,X,130,mwpm_gap,si1000,50000,20712,0,11.4
d5_at_q6_5/X/r130,5,q6_5,X,130,mwpm_gap,rl,50000,20558,0,11.59
d5_at_q6_5/Z/r130,5,q6_5,Z,130,mwpm_gap,si1000,50000,19169,262,10.39
d5_at_q6_5/Z/r130,5,q6_5,Z,130,mwpm_gap,rl,50000,19062,0,10.64
d5_at_q6_9/X/r130,5,q6_9,X,130,mwpm_gap,si1000,50000,21470,0,10.64
d5_at_q6_9/X/r130,5,q6_9,X,130,mwpm_gap,rl,50000,21146,0,10.56
d5_at_q4_7/X/r110,5,q4_7,X,110,mwpm_gap,si1000,50000,19766,0,8.72
d5_at_q4_7/X/r110,5,q4_7,X,110,mwpm_gap,rl,50000,19587,0,8.86
d5_at_q6_9/Z/r130,5,q6_9,Z,130,mwpm_gap,si1000,50000,20805,220,11.48
d5_at_q6_9/Z/r130,5,q6_9,Z,130,mwpm_gap,rl,50000,20592,0,11.36
d5_at_q4_7/Z/r110,5,q4_7,Z,110,mwpm_gap,si1000,50000,17204,145,8.38
d5_at_q4_7/Z/r110,5,q4_7,Z,110,mwpm_gap,rl,50000,16890,0,8.3
d5_at_q8_7/Z/r130,5,q8_7,Z,130,mwpm_gap,si1000,50000,20886,240,11.76
d5_at_q8_7/Z/r130,5,q8_7,Z,130,mwpm_gap,rl,50000,20739,0,11.91
d5_at_q8_7/X/r130,5,q8_7,X,130,mwpm_gap,si1000,50000,22056,0,12.73
d5_at_q8_7/X/r130,5,q8_7,X,130,mwpm_gap,rl,50000,21739,0,13.28
d5_at_q6_5/X/r110,5,q6_5,X,110,mwpm_gap,si1000,50000,19876,0,9.51
d5_at_q6_5/X/r110,5,q6_5,X,110,mwpm_gap,rl,50000,19784,0,9.73
d5_at_q6_5/Z/r110,5,q6_5,Z,110,mwpm_gap,si1000,50000,18150,201,8.78
d5_at_q6_5/Z/r110,5,q6_5,Z,110,mwpm_gap,rl,50000,18349,0,9.04
d5_at_q6_9/X/r110,5,q6_9,X,110,mwpm_gap,si1000,50000,20133,0,8.67
d5_at_q6_9/X/r110,5,q6_9,X,110,mwpm_gap,rl,50000,19823,0,8.58
d5_at_q6_9/Z/r110,5,q6_9,Z,110,mwpm_gap,si1000,50000,19451,182,9.36
d5_at_q6_9/Z/r110,5,q6_9,Z,110,mwpm_gap,rl,50000,19126,0,9.4
d3_at_q10_7/X/r250,3,q10_7,X,250,mwpm_gap,si1000,50000,24610,0,5.04
d3_at_q10_7/X/r250,3,q10_7,X,250,mwpm_gap,rl,50000,24350,0,5.54
d3_at_q10_7/Z/r250,3,q10_7,Z,250,mwpm_gap,si1000,50000,24582,1176,4.85
d3_at_q10_7/Z/r250,3,q10_7,Z,250,mwpm_gap,rl,50000,24795,0,5.35
d3_at_q2_7/X/r250,3,q2_7,X,250,mwpm_gap,si1000,50000,24321,0,4.11
d3_at_q2_7/X/r250,3,q2_7,X,250,mwpm_gap,rl,50000,24448,0,4.02
d5_at_q8_7/Z/r110,5,q8_7,Z,110,mwpm_gap,si1000,50000,19426,166,9.57
d5_at_q8_7/Z/r110,5,q8_7,Z,110,mwpm_gap,rl,50000,19229,0,9.75
d5_at_q8_7/X/r110,5,q8_7,X,110,mwpm_gap,si1000,50000,20705,0,10.37
d5_at_q8_7/X/r110,5,q8_7,X,110,mwpm_gap,rl,50000,20165,0,10.79
d7_at_q6_7/X/r50,7,q6_7,X,50,mwpm_gap,si1000,50000,8363,20,11.02
d7_at_q6_7/X/r50,7,q6_7,X,50,mwpm_gap,rl,50000,8188,0,11.37
d3_at_q2_7/Z/r250,3,q2_7,Z,250,mwpm_gap,si1000,50000,24490,1157,4.01
d3_at_q2_7/Z/r250,3,q2_7,Z,250,mwpm_gap,rl,50000,24340,0,3.72
d7_at_q6_7/Z/r50,7,q6_7,Z,50,mwpm_gap,si1000,50000,7643,32,10.87
d7_at_q6_7/Z/r50,7,q6_7,Z,50,mwpm_gap,rl,50000,7509,0,11.38
d3_at_q4_5/Z/r250,3,q4_5,Z,250,mwpm_gap,si1000,50000,24553,1299,4.16
d3_at_q4_5/Z/r250,3,q4_5,Z,250,mwpm_gap,rl,50000,24643,0,4.09
d3_at_q4_9/X/r250,3,q4_9,X,250,mwpm_gap,si1000,50000,24959,0,4.68
d3_at_q4_9/X/r250,3,q4_9,X,250,mwpm_gap,rl,50000,24993,0,4.65
d3_at_q4_5/X/r250,3,q4_5,X,250,mwpm_gap,si1000,50000,24760,0,4.81
d3_at_q4_5/X/r250,3,q4_5,X,250,mwpm_gap,rl,50000,24662,0,5.3
d3_at_q6_11/X/r250,3,q6_11,X,250,mwpm_gap,si1000,50000,24908,0,4.59
d3_at_q6_11/X/r250,3,q6_11,X,250,mwpm_gap,rl,50000,24749,0,4.55
d3_at_q4_9/Z/r250,3,q4_9,Z,250,mwpm_gap,si1000,50000,24753,1455,5.08
d3_at_q4_9/Z/r250,3,q4_9,Z,250,mwpm_gap,rl,50000,24808,0,4.84
d3_at_q6_3/X/r250,3,q6_3,X,250,mwpm_gap,si1000,50000,24439,0,4.24
d3_at_q6_3/X/r250,3,q6_3,X,250,mwpm_gap,rl,50000,24822,0,4.35
d3_at_q6_11/Z/r250,3,q6_11,Z,250,mwpm_gap,si1000,50000,24622,1180,5.34
d3_at_q6_11/Z/r250,3,q6_11,Z,250,mwpm_gap,rl,50000,24717,0,5.36
d3_at_q6_3/Z/r250,3,q6_3,Z,250,mwpm_gap,si1000,50000,24298,738,4.7
d3_at_q6_3/Z/r250,3,q6_3,Z,250,mwpm_gap,rl,50000,24150,0,5.17
d3_at_q8_5/Z/r250,3,q8_5,Z,250,mwpm_gap,si1000,50000,24480,857,4.22
d3_at_q8_5/Z/r250,3,q8_5,Z,250,mwpm_gap,rl,50000,24398,0,4.19
d3_at_q8_5/X/r250,3,q8_5,X,250,mwpm_gap,si1000,50000,24944,0,4.81
d3_at_q8_5/X/r250,3,q8_5,X,250,mwpm_gap,rl,50000,24769,0,5.2
d3_at_q6_7/X/r250,3,q6_7,X,250,mwpm_gap,si1000,50000,25029,0,5.8
d3_at_q6_7/X/r250,3,q6_7,X,250,mwpm_gap,rl,50000,25161,0,6.77
d3_at_q6_7/Z/r250,3,q6_7,Z,250,mwpm_gap,si1000,50000,24941,2664,5.81
d3_at_q6_7/Z/r250,3,q6_7,Z,250,mwpm_gap,rl,50000,24795,0,5.4
d3_at_q8_9/X/r250,3,q8_9,X,250,mwpm_gap,si1000,50000,24807,0,5.81
d3_at_q8_9/X/r250,3,q8_9,X,250,mwpm_gap,rl,50000,24998,0,5.73
d3_at_q8_9/Z/r250,3,q8_9,Z,250,mwpm_gap,si1000,50000,25240,1864,6.95
d3_at_q8_9/Z/r250,3,q8_9,Z,250,mwpm_gap,rl,50000,25097,0,7.95
d5_at_q4_7/X/r90,5,q4_7,X,90,mwpm_gap,si1000,50000,17468,0,7.0
d5_at_q4_7/X/r90,5,q4_7,X,90,mwpm_gap,rl,50000,17261,0,6.8
d5_at_q4_7/Z/r90,5,q4_7,Z,90,mwpm_gap,si1000,50000,17756,167,7.21
d5_at_q4_7/Z/r90,5,q4_7,Z,90,mwpm_gap,rl,50000,17143,0,6.97
d5_at_q6_5/X/r90,5,q6_5,X,90,mwpm_gap,si1000,50000,18440,0,7.86
d5_at_q6_5/X/r90,5,q6_5,X,90,mwpm_gap,rl,50000,18166,0,7.93
d5_at_q6_5/Z/r90,5,q6_5,Z,90,mwpm_gap,si1000,50000,17691,177,7.31
d5_at_q6_5/Z/r90,5,q6_5,Z,90,mwpm_gap,rl,50000,17996,0,7.48
d5_at_q6_9/X/r90,5,q6_9,X,90,mwpm_gap,si1000,50000,19269,0,7.38
d5_at_q6_9/X/r90,5,q6_9,X,90,mwpm_gap,rl,50000,19129,0,7.44
d3_at_q10_7/X/r230,3,q10_7,X,230,mwpm_gap,si1000,50000,24620,0,4.4
d3_at_q10_7/X/r230,3,q10_7,X,230,mwpm_gap,rl,50000,24162,0,4.87
d5_at_q6_9/Z/r90,5,q6_9,Z,90,mwpm_gap,si1000,50000,20282,198,8.96
d5_at_q6_9/Z/r90,5,q6_9,Z,90,mwpm_gap,rl,50000,19938,0,8.8
d5_at_q8_7/X/r90,5,q8_7,X,90,mwpm_gap,si1000,50000,18802,0,8.21
d5_at_q8_7/X/r90,5,q8_7,X,90,mwpm_gap,rl,50000,18103,0,8.52
d3_at_q10_7/Z/r230,3,q10_7,Z,230,mwpm_gap,si1000,50000,24582,1065,4.21
d3_at_q10_7/Z/r230,3,q10_7,Z,230,mwpm_gap,rl,50000,24182,0,4.59
d3_at_q2_7/Z/r230,3,q2_7,Z,230,mwpm_gap,si1000,50000,24290,1162,3.64
d3_at_q2_7/Z/r230,3,q2_7,Z,230,mwpm_gap,rl,50000,24347,0,3.42
d3_at_q2_7/X/r230,3,q2_7,X,230,mwpm_gap,si1000,50000,24588,0,3.99
d3_at_q2_7/X/r230,3,q2_7,X,230,mwpm_gap,rl,50000,24505,0,3.95
d3_at_q4_5/X/r230,3,q4_5,X,230,mwpm_gap,si1000,50000,24584,0,4.27
d3_at_q4_5/X/r230,3,q4_5,X,230,mwpm_gap,rl,50000,24466,0,4.68
d3_at_q4_5/Z/r230,3,q4_5,Z,230,mwpm_gap,si1000,50000,24138,1225,3.73
d3_at_q4_5/Z/r230,3,q4_5,Z,230,mwpm_gap,rl,50000,24072,0,3.62
d3_at_q4_9/X/r230,3,q4_9,X,230,mwpm_gap,si1000,50000,24909,0,4.14
d3_at_q4_9/X/r230,3,q4_9,X,230,mwpm_gap,rl,50000,24615,0,4.03
d5_at_q8_7/Z/r90,5,q8_7,Z,90,mwpm_gap,si1000,50000,19292,159,8.96
d5_at_q8_7/Z/r90,5,q8_7,Z,90,mwpm_gap,rl,50000,19170,0,9.13
d3_at_q4_9/Z/r230,3,q4_9,Z,230,mwpm_gap,si1000,50000,24421,1420,4.54
d3_at_q4_9/Z/r230,3,q4_9,Z,230,mwpm_gap,rl,50000,24439,0,4.25
d3_at_q6_11/X/r230,3,q6_11,X,230,mwpm_gap,si1000,50000,24780,0,4.39
d3_at_q6_11/X/r230,3,q6_11,X,230,mwpm_gap,rl,50000,24812,0,4.25
d3_at_q6_3/X/r230,3,q6_3,X,230,mwpm_gap,si1000,50000,24480,0,4.1
d3_at_q6_3/X/r230,3,q6_3,X,230,mwpm_gap,rl,50000,24572,0,4.13
d3_at_q6_11/Z/r230,3,q6_11,Z,230,mwpm_gap,si1000,50000,24749,1147,4.93
d3_at_q6_11/Z/r230,3,q6_11,Z,230,mwpm_gap,rl,50000,24448,0,4.97
d3_at_q6_3/Z/r230,3,q6_3,Z,230,mwpm_gap,si1000,50000,24152,761,4.13
d3_at_q6_3/Z/r230,3,q6_3,Z,230,mwpm_gap,rl,50000,24014,0,4.56
d3_at_q8_5/Z/r230,3,q8_5,Z,230,mwpm_gap,si1000,50000,24219,786,3.96
d3_at_q8_5/Z/r230,3,q8_5,Z,230,mwpm_gap,rl,50000,24106,0,3.95
d3_at_q6_7/Z/r230,3,q6_7,Z,230,mwpm_gap,si1000,50000,24648,2633,5.14
d3_at_q6_7/Z/r230,3,q6_7,Z,230,mwpm_gap,rl,50000,24539,0,4.78
d3_at_q8_5/X/r230,3,q8_5,X,230,mwpm_gap,si1000,50000,24840,0,4.67
d3_at_q8_5/X/r230,3,q8_5,X,230,mwpm_gap,rl,50000,24911,0,5.14
d3_at_q6_7/X/r230,3,q6_7,X,230,mwpm_gap,si1000,50000,25060,0,5.28
d3_at_q6_7/X/r230,3,q6_7,X,230,mwpm_gap,rl,50000,24997,0,6.1
d3_at_q8_9/X/r230,3,q8_9,X,230,mwpm_gap,si1000,50000,24875,0,5.01
d3_at_q8_9/X/r230,3,q8_9,X,230,mwpm_gap,rl,50000,24922,0,4.97
d3_at_q10_7/X/r210,3,q10_7,X,210,mwpm_gap,si1000,50000,24437,0,4.07
d3_at_q10_7/X/r210,3,q10_7,X,210,mwpm_gap,rl,50000,23937,0,4.36
d3_at_q10_7/Z/r210,3,q10_7,Z,210,mwpm_gap,si1000,50000,24361,963,3.89
d3_at_q10_7/Z/r210,3,q10_7,Z,210,mwpm_gap,rl,50000,24299,0,4.19
d3_at_q2_7/X/r210,3,q2_7,X,210,mwpm_gap,si1000,50000,24348,0,3.44
d3_at_q2_7/X/r210,3,q2_7,X,210,mwpm_gap,rl,50000,24148,0,3.34
d3_at_q2_7/Z/r210,3,q2_7,Z,210,mwpm_gap,si1000,50000,24089,992,3.25
d3_at_q2_7/Z/r210,3,q2_7,Z,210,mwpm_gap,rl,50000,23686,0,2.95
d3_at_q8_9/Z/r230,3,q8_9,Z,230,mwpm_gap,si1000,50000,25152,1576,5.93
d3_at_q8_9/Z/r230,3,q8_9,Z,230,mwpm_gap,rl,50000,24999,0,6.92
d3_at_q4_5/Z/r210,3,q4_5,Z,210,mwpm_gap,si1000,50000,24041,1082,3.26
d3_at_q4_5/Z/r210,3,q4_5,Z,210,mwpm_gap,rl,50000,23991,0,3.2
d3_at_q4_9/X/r210,3,q4_9,X,210,mwpm_gap,si1000,50000,24659,0,3.62
d3_at_q4_9/X/r210,3,q4_9,X,210,mwpm_gap,rl,50000,24606,0,3.5
d3_at_q4_5/X/r210,3,q4_5,X,210,mwpm_gap,si1000,50000,24841,0,3.78
d3_at_q4_5/X/r210,3,q4_5,X,210,mwpm_gap,rl,50000,24303,0,4.1
d3_at_q4_9/Z/r210,3,q4_9,Z,210,mwpm_gap,si1000,50000,24295,1212,3.9
d3_at_q4_9/Z/r210,3,q4_9,Z,210,mwpm_gap,rl,50000,24329,0,3.66
d3_at_q6_11/X/r210,3,q6_11,X,210,mwpm_gap,si1000,50000,24779,0,3.78
d3_at_q6_11/X/r210,3,q6_11,X,210,mwpm_gap,rl,50000,24709,0,3.68
d3_at_q6_3/X/r210,3,q6_3,X,210,mwpm_gap,si1000,50000,24718,0,3.59
d3_at_q6_3/X/r210,3,q6_3,X,210,mwpm_gap,rl,50000,24582,0,3.7
d3_at_q6_11/Z/r210,3,q6_11,Z,210,mwpm_gap,si1000,50000,24639,1010,4.24
d3_at_q6_11/Z/r210,3,q6_11,Z,210,mwpm_gap,rl,50000,24539,0,4.24
d3_at_q6_3/Z/r210,3,q6_3,Z,210,mwpm_gap,si1000,50000,23827,587,3.68
d3_at_q6_3/Z/r210,3,q6_3,Z,210,mwpm_gap,rl,50000,23699,0,3.95
d3_at_q8_5/X/r210,3,q8_5,X,210,mwpm_gap,si1000,50000,24577,0,3.92
d3_at_q8_5/X/r210,3,q8_5,X,210,mwpm_gap,rl,50000,24578,0,4.15
d3_at_q6_7/X/r210,3,q6_7,X,210,mwpm_gap,si1000,50000,24987,0,4.48
d3_at_q6_7/X/r210,3,q6_7,X,210,mwpm_gap,rl,50000,24773,0,5.0
d3_at_q6_7/Z/r210,3,q6_7,Z,210,mwpm_gap,si1000,50000,24774,2287,4.55
d3_at_q6_7/Z/r210,3,q6_7,Z,210,mwpm_gap,rl,50000,24766,0,4.16
d3_at_q8_5/Z/r210,3,q8_5,Z,210,mwpm_gap,si1000,50000,24194,722,3.33
d3_at_q8_5/Z/r210,3,q8_5,Z,210,mwpm_gap,rl,50000,24028,0,3.35
d3_at_q8_9/X/r210,3,q8_9,X,210,mwpm_gap,si1000,50000,24900,0,4.5
d3_at_q8_9/X/r210,3,q8_9,X,210,mwpm_gap,rl,50000,25002,0,4.36
d5_at_q4_7/X/r70,5,q4_7,X,70,mwpm_gap,si1000,50000,15803,0,5.32
d5_at_q4_7/X/r70,5,q4_7,X,70,mwpm_gap,rl,50000,15486,0,5.27
d3_at_q8_9/Z/r210,3,q8_9,Z,210,mwpm_gap,si1000,50000,24910,1539,5.29
d3_at_q8_9/Z/r210,3,q8_9,Z,210,mwpm_gap,rl,50000,24943,0,5.99
d5_at_q4_7/Z/r70,5,q4_7,Z,70,mwpm_gap,si1000,50000,12938,77,5.45
d5_at_q4_7/Z/r70,5,q4_7,Z,70,mwpm_gap,rl,50000,12637,0,5.26
d5_at_q6_5/Z/r70,5,q6_5,Z,70,mwpm_gap,si1000,50000,12735,123,5.56
d5_at_q6_5/Z/r70,5,q6_5,Z,70,mwpm_gap,rl,50000,12628,0,5.58
d5_at_q6_9/X/r70,5,q6_9,X,70,mwpm_gap,si1000,50000,16888,0,5.6
d5_at_q6_9/X/r70,5,q6_9,X,70,mwpm_gap,rl,50000,16746,0,5.55
d5_at_q6_5/X/r70,5,q6_5,X,70,mwpm_gap,si1000,50000,16664,0,5.92
d5_at_q6_5/X/r70,5,q6_5,X,70,mwpm_gap,rl,50000,16270,0,6.01
d5_at_q6_9/Z/r70,5,q6_9,Z,70,mwpm_gap,si1000,50000,15306,120,5.86
d5_at_q6_9/Z/r70,5,q6_9,Z,70,mwpm_gap,rl,50000,14926,0,5.8
d3_at_q10_7/X/r190,3,q10_7,X,190,mwpm_gap,si1000,50000,23864,0,3.33
d3_at_q10_7/X/r190,3,q10_7,X,190,mwpm_gap,rl,50000,23633,0,3.55
d3_at_q10_7/Z/r190,3,q10_7,Z,190,mwpm_gap,si1000,50000,24227,907,3.43
d3_at_q10_7/Z/r190,3,q10_7,Z,190,mwpm_gap,rl,50000,24081,0,3.72
d3_at_q2_7/Z/r190,3,q2_7,Z,190,mwpm_gap,si1000,50000,23814,952,2.85
d3_at_q2_7/Z/r190,3,q2_7,Z,190,mwpm_gap,rl,50000,23546,0,2.64
d3_at_q2_7/X/r190,3,q2_7,X,190,mwpm_gap,si1000,50000,23856,0,2.84
d3_at_q2_7/X/r190,3,q2_7,X,190,mwpm_gap,rl,50000,23560,0,2.83
d5_at_q8_7/X/r70,5,q8_7,X,70,mwpm_gap,si1000,50000,16938,0,6.49
d5_at_q8_7/X/r70,5,q8_7,X,70,mwpm_gap,rl,50000,16289,0,6.7
d3_at_q4_5/X/r190,3,q4_5,X,190,mwpm_gap,si1000,50000,24334,0,3.28
d3_at_q4_5/X/r190,3,q4_5,X,190,mwpm_gap,rl,50000,24175,0,3.57
d3_at_q4_5/Z/r190,3,q4_5,Z,190,mwpm_gap,si1000,50000,23882,959,2.93
d3_at_q4_5/Z/r190,3,q4_5,Z,190,mwpm_gap,rl,50000,23679,0,2.85
d5_at_q8_7/Z/r70,5,q8_7,Z,70,mwpm_gap,si1000,50000,15127,117,5.9
d5_at_q8_7/Z/r70,5,q8_7,Z,70,mwpm_gap,rl,50000,14849,0,6.08
d3_at_q4_9/X/r190,3,q4_9,X,190,mwpm_gap,si1000,50000,24367,0,3.16
d3_at_q4_9/X/r190,3,q4_9,X,190,mwpm_gap,rl,50000,24402,0,3.05
d3_at_q4_9/Z/r190,3,q4_9,Z,190,mwpm_gap,si1000,50000,24256,1083,3.42
d3_at_q4_9/Z/r190,3,q4_9,Z,190,mwpm_gap,rl,50000,24298,0,3.24
d3_at_q6_3/X/r190,3,q6_3,X,190,mwpm_gap,si1000,50000,23684,0,2.91
d3_at_q6_3/X/r190,3,q6_3,X,190,mwpm_gap,rl,50000,24004,0,2.94
d3_at_q6_11/X/r190,3,q6_11,X,190,mwpm_gap,si1000,50000,24492,0,3.58
d3_at_q6_11/X/r190,3,q6_11,X,190,mwpm_gap,rl,50000,24747,0,3.44
d3_at_q6_11/Z/r190,3,q6_11,Z,190,mwpm_gap,si1000,50000,24495,1089,3.88
d3_at_q6_11/Z/r190,3,q6_11,Z,190,mwpm_gap,rl,50000,24397,0,3.9
d3_at_q6_3/Z/r190,3,q6_3,Z,190,mwpm_gap,si1000,50000,24418,865,3.28
d3_at_q6_3/Z/r190,3,q6_3,Z,190,mwpm_gap,rl,50000,24199,0,3.6
d3_at_q6_7/X/r190,3,q6_7,X,190,mwpm_gap,si1000,50000,25001,0,4.15
d3_at_q6_7/X/r190,3,q6_7,X,190,mwpm_gap,rl,50000,25133,0,4.64
d3_at_q8_5/X/r190,3,q8_5,X,190,mwpm_gap,si1000,50000,24189,0,3.24
d3_at_q8_5/X/r190,3,q8_5,X,190,mwpm_gap,rl,50000,24103,0,3.39
d3_at_q6_7/Z/r190,3,q6_7,Z,190,mwpm_gap,si1000,50000,24735,2147,4.35
d3_at_q6_7/Z/r190,3,q6_7,Z,190,mwpm_gap,rl,50000,24697,0,4.0
d3_at_q8_5/Z/r190,3,q8_5,Z,190,mwpm_gap,si1000,50000,24284,671,3.72
d3_at_q8_5/Z/r190,3,q8_5,Z,190,mwpm_gap,rl,50000,24385,0,3.66
d3_at_q10_7/X/r170,3,q10_7,X,170,mwpm_gap,si1000,50000,23771,0,2.99
d3_at_q10_7/X/r170,3,q10_7,X,170,mwpm_gap,rl,50000,23136,0,3.16
d3_at_q8_9/X/r190,3,q8_9,X,190,mwpm_gap,si1000,50000,25192,0,3.81
d3_at_q8_9/X/r190,3,q8_9,X,190,mwpm_gap,rl,50000,24902,0,3.75
d3_at_q10_7/Z/r170,3,q10_7,Z,170,mwpm_gap,si1000,50000,24155,802,3.15
d3_at_q10_7/Z/r170,3,q10_7,Z,170,mwpm_gap,rl,50000,24191,0,3.43
d3_at_q2_7/Z/r170,3,q2_7,Z,170,mwpm_gap,si1000,50000,23162,831,2.5
d3_at_q2_7/Z/r170,3,q2_7,Z,170,mwpm_gap,rl,50000,22955,0,2.29
d3_at_q2_7/X/r170,3,q2_7,X,170,mwpm_gap,si1000,50000,23679,0,2.69
d3_at_q2_7/X/r170,3,q2_7,X,170,mwpm_gap,rl,50000,23477,0,2.68
d3_at_q8_9/Z/r190,3,q8_9,Z,190,mwpm_gap,si1000,50000,24879,1232,4.38
d3_at_q8_9/Z/r190,3,q8_9,Z,190,mwpm_gap,rl,50000,24848,0,5.03
d3_at_q4_5/X/r170,3,q4_5,X,170,mwpm_gap,si1000,50000,24023,0,2.88
d3_at_q4_5/X/r170,3,q4_5,X,170,mwpm_gap,rl,50000,23453,0,3.09
d3_at_q4_5/Z/r170,3,q4_5,Z,170,mwpm_gap,si1000,50000,23132,845,2.54
d3_at_q4_5/Z/r170,3,q4_5,Z,170,mwpm_gap,rl,50000,23193,0,2.5
d3_at_q4_9/Z/r170,3,q4_9,Z,170,mwpm_gap,si1000,50000,23945,1014,2.89
d3_at_q4_9/Z/r170,3,q4_9,Z,170,mwpm_gap,rl,50000,23745,0,2.73
d3_at_q4_9/X/r170,3,q4_9,X,170,mwpm_gap,si1000,50000,24339,0,3.06
d3_at_q4_9/X/r170,3,q4_9,X,170,mwpm_gap,rl,50000,24112,0,2.93
d3_at_q6_11/X/r170,3,q6_11,X,170,mwpm_gap,si1000,50000,24364,0,2.91
d3_at_q6_11/X/r170,3,q6_11,X,170,mwpm_gap,rl,50000,24274,0,2.81
d3_at_q6_3/X/r170,3,q6_3,X,170,mwpm_gap,si1000,50000,23591,0,2.53
d3_at_q6_3/X/r170,3,q6_3,X,170,mwpm_gap,rl,50000,23742,0,2.52
d3_at_q6_3/Z/r170,3,q6_3,Z,170,mwpm_gap,si1000,50000,23443,598,2.83
d3_at_q6_3/Z/r170,3,q6_3,Z,170,mwpm_gap,rl,50000,23470,0,3.01
d3_at_q6_11/Z/r170,3,q6_11,Z,170,mwpm_gap,si1000,50000,24412,863,3.24
d3_at_q6_11/Z/r170,3,q6_11,Z,170,mwpm_gap,rl,50000,24405,0,3.21
d3_at_q6_7/X/r170,3,q6_7,X,170,mwpm_gap,si1000,50000,24936,0,3.56
d3_at_q6_7/X/r170,3,q6_7,X,170,mwpm_gap,rl,50000,24912,0,3.92
d3_at_q6_7/Z/r170,3,q6_7,Z,170,mwpm_gap,si1000,50000,24677,1847,3.78
d3_at_q6_7/Z/r170,3,q6_7,Z,170,mwpm_gap,rl,50000,24685,0,3.48
d3_at_q8_5/Z/r170,3,q8_5,Z,170,mwpm_gap,si1000,50000,23351,586,2.73
d3_at_q8_5/Z/r170,3,q8_5,Z,170,mwpm_gap,rl,50000,23130,0,2.66
d3_at_q8_5/X/r170,3,q8_5,X,170,mwpm_gap,si1000,50000,24031,0,2.79
d3_at_q8_5/X/r170,3,q8_5,X,170,mwpm_gap,rl,50000,24013,0,2.87
d3_at_q8_9/X/r170,3,q8_9,X,170,mwpm_gap,si1000,50000,24814,0,3.26
d3_at_q8_9/X/r170,3,q8_9,X,170,mwpm_gap,rl,50000,24816,0,3.17
d3_at_q8_9/Z/r170,3,q8_9,Z,170,mwpm_gap,si1000,50000,24855,1137,3.87
d3_at_q8_9/Z/r170,3,q8_9,Z,170,mwpm_gap,rl,50000,24991,0,4.36
d3_at_q2_7/Z/r150,3,q2_7,Z,150,mwpm_gap,si1000,50000,22520,784,2.09
d3_at_q2_7/Z/r150,3,q2_7,Z,150,mwpm_gap,rl,50000,22253,0,1.91
d3_at_q2_7/X/r150,3,q2_7,X,150,mwpm_gap,si1000,50000,22944,0,2.17
d3_at_q2_7/X/r150,3,q2_7,X,150,mwpm_gap,rl,50000,22738,0,2.13
d3_at_q10_7/X/r150,3,q10_7,X,150,mwpm_gap,si1000,50000,23203,0,2.54
d3_at_q10_7/X/r150,3,q10_7,X,150,mwpm_gap,rl,50000,22509,0,2.63
d3_at_q10_7/Z/r150,3,q10_7,Z,150,mwpm_gap,si1000,50000,23100,694,2.55
d3_at_q10_7/Z/r150,3,q10_7,Z,150,mwpm_gap,rl,50000,22934,0,2.71
d3_at_q4_5/X/r150,3,q4_5,X,150,mwpm_gap,si1000,50000,23566,0,2.44
d3_at_q4_5/X/r150,3,q4_5,X,150,mwpm_gap,rl,50000,22927,0,2.64
d3_at_q4_5/Z/r150,3,q4_5,Z,150,mwpm_gap,si1000,50000,22959,733,2.19
d3_at_q4_5/Z/r150,3,q4_5,Z,150,mwpm_gap,rl,50000,22610,0,2.12
d3_at_q4_9/X/r150,3,q4_9,X,150,mwpm_gap,si1000,50000,23714,0,2.37
d3_at_q4_9/X/r150,3,q4_9,X,150,mwpm_gap,rl,50000,23762,0,2.17
d3_at_q4_9/Z/r150,3,q4_9,Z,150,mwpm_gap,si1000,50000,23065,842,2.47
d3_at_q4_9/Z/r150,3,q4_9,Z,150,mwpm_gap,rl,50000,23018,0,2.34
d3_at_q6_11/X/r150,3,q6_11,X,150,mwpm_gap,si1000,50000,23817,0,2.38
d3_at_q6_11/X/r150,3,q6_11,X,150,mwpm_gap,rl,50000,23661,0,2.31
d3_at_q6_11/Z/r150,3,q6_11,Z,150,mwpm_gap,si1000,50000,23916,674,2.63
d3_at_q6_11/Z/r150,3,q6_11,Z,150,mwpm_gap,rl,50000,23625,0,2.59
d7_at_q6_7/X/r30,7,q6_7,X,30,mwpm_gap,si1000,50000,6039,10,6.81
d7_at_q6_7/X/r30,7,q6_7,X,30,mwpm_gap,rl,50000,5716,0,7.05
d7_at_q6_7/Z/r30,7,q6_7,Z,30,mwpm_gap,si1000,50000,5562,13,6.98
d7_at_q6_7/Z/r30,7,q6_7,Z,30,mwpm_gap,rl,50000,5611,0,7.12
d3_at_q6_3/X/r150,3,q6_3,X,150,mwpm_gap,si1000,50000,23371,0,2.2
d3_at_q6_3/X/r150,3,q6_3,X,150,mwpm_gap,rl,50000,23542,0,2.24
d3_at_q6_3/Z/r150,3,q6_3,Z,150,mwpm_gap,si1000,50000,24120,848,2.47
d3_at_q6_3/Z/r150,3,q6_3,Z,150,mwpm_gap,rl,50000,24343,0,2.69
d3_at_q8_5/X/r150,3,q8_5,X,150,mwpm_gap,si1000,50000,23933,0,2.41
d3_at_q8_5/X/r150,3,q8_5,X,150,mwpm_gap,rl,50000,23737,0,2.47
d3_at_q6_7/X/r150,3,q6_7,X,150,mwpm_gap,si1000,50000,24885,0,2.94
d3_at_q6_7/X/r150,3,q6_7,X,150,mwpm_gap,rl,50000,24701,0,3.22
d3_at_q6_7/Z/r150,3,q6_7,Z,150,mwpm_gap,si1000,50000,24284,1646,3.13
d3_at_q6_7/Z/r150,3,q6_7,Z,150,mwpm_gap,rl,50000,24095,0,2.86
d3_at_q8_9/X/r150,3,q8_9,X,150,mwpm_gap,si1000,50000,24721,0,2.78
d3_at_q8_9/X/r150,3,q8_9,X,150,mwpm_gap,rl,50000,24555,0,2.74
d3_at_q8_5/Z/r150,3,q8_5,Z,150,mwpm_gap,si1000,50000,24559,544,3.77
d3_at_q8_5/Z/r150,3,q8_5,Z,150,mwpm_gap,rl,50000,24632,0,3.66
d3_at_q8_9/Z/r150,3,q8_9,Z,150,mwpm_gap,si1000,50000,24552,1030,3.25
d3_at_q8_9/Z/r150,3,q8_9,Z,150,mwpm_gap,rl,50000,24190,0,3.63
d5_at_q4_7/X/r50,5,q4_7,X,50,mwpm_gap,si1000,50000,11245,0,3.86
d5_at_q4_7/X/r50,5,q4_7,X,50,mwpm_gap,rl,50000,10957,0,3.76
d5_at_q4_7/Z/r50,5,q4_7,Z,50,mwpm_gap,si1000,50000,9502,61,3.85
d5_at_q4_7/Z/r50,5,q4_7,Z,50,mwpm_gap,rl,50000,9262,0,3.78
d5_at_q6_5/X/r50,5,q6_5,X,50,mwpm_gap,si1000,50000,11462,0,4.1
d5_at_q6_5/X/r50,5,q6_5,X,50,mwpm_gap,rl,50000,11071,0,4.26
d5_at_q6_5/Z/r50,5,q6_5,Z,50,mwpm_gap,si1000,50000,9565,79,3.94
d5_at_q6_5/Z/r50,5,q6_5,Z,50,mwpm_gap,rl,50000,9500,0,4.08
d5_at_q6_9/X/r50,5,q6_9,X,50,mwpm_gap,si1000,50000,12703,0,3.94
d5_at_q6_9/X/r50,5,q6_9,X,50,mwpm_gap,rl,50000,12400,0,4.05
d3_at_q10_7/X/r130,3,q10_7,X,130,mwpm_gap,si1000,50000,22159,0,2.14
d3_at_q10_7/X/r130,3,q10_7,X,130,mwpm_gap,rl,50000,21397,0,2.26
d5_at_q6_9/Z/r50,5,q6_9,Z,50,mwpm_gap,si1000,50000,12698,73,4.17
d5_at_q6_9/Z/r50,5,q6_9,Z,50,mwpm_gap,rl,50000,12327,0,4.35
d3_at_q10_7/Z/r130,3,q10_7,Z,130,mwpm_gap,si1000,50000,22654,646,2.27
d3_at_q10_7/Z/r130,3,q10_7,Z,130,mwpm_gap,rl,50000,22385,0,2.46
d3_at_q2_7/Z/r130,3,q2_7,Z,130,mwpm_gap,si1000,50000,21983,671,1.95
d3_at_q2_7/Z/r130,3,q2_7,Z,130,mwpm_gap,rl,50000,21534,0,1.7
d5_at_q8_7/Z/r50,5,q8_7,Z,50,mwpm_gap,si1000,50000,11740,89,4.27
d5_at_q8_7/Z/r50,5,q8_7,Z,50,mwpm_gap,rl,50000,11498,0,4.38
d3_at_q2_7/X/r130,3,q2_7,X,130,mwpm_gap,si1000,50000,22787,0,2.12
d3_at_q2_7/X/r130,3,q2_7,X,130,mwpm_gap,rl,50000,22627,0,1.96
d5_at_q8_7/X/r50,5,q8_7,X,50,mwpm_gap,si1000,50000,12665,0,4.55
d5_at_q8_7/X/r50,5,q8_7,X,50,mwpm_gap,rl,50000,12111,0,4.73
d3_at_q4_5/Z/r130,3,q4_5,Z,130,mwpm_gap,si1000,50000,22065,666,1.96
d3_at_q4_5/Z/r130,3,q4_5,Z,130,mwpm_gap,rl,50000,21829,0,1.86
d3_at_q4_5/X/r130,3,q4_5,X,130,mwpm_gap,si1000,50000,22985,0,2.2
d3_at_q4_5/X/r130,3,q4_5,X,130,mwpm_gap,rl,50000,22054,0,2.25
d3_at_q4_9/X/r130,3,q4_9,X,130,mwpm_gap,si1000,50000,22999,0,1.98
d3_at_q4_9/X/r130,3,q4_9,X,130,mwpm_gap,rl,50000,22915,0,1.88
d3_at_q4_9/Z/r130,3,q4_9,Z,130,mwpm_gap,si1000,50000,22681,775,2.18
d3_at_q4_9/Z/r130,3,q4_9,Z,130,mwpm_gap,rl,50000,22523,0,2.0
d3_at_q6_3/X/r130,3,q6_3,X,130,mwpm_gap,si1000,50000,22016,0,1.86
d3_at_q6_3/X/r130,3,q6_3,X,130,mwpm_gap,rl,50000,22373,0,1.83
d3_at_q6_11/X/r130,3,q6_11,X,130,mwpm_gap,si1000,50000,23305,0,2.12
d3_at_q6_11/X/r130,3,q6_11,X,130,mwpm_gap,rl,50000,23229,0,2.04
d3_at_q6_11/Z/r130,3,q6_11,Z,130,mwpm_gap,si1000,50000,23297,649,2.28
d3_at_q6_11/Z/r130,3,q6_11,Z,130,mwpm_gap,rl,50000,23177,0,2.25
d3_at_q6_3/Z/r130,3,q6_3,Z,130,mwpm_gap,si1000,50000,22199,390,2.06
d3_at_q6_3/Z/r130,3,q6_3,Z,130,mwpm_gap,rl,50000,22068,0,2.16
d3_at_q6_7/X/r130,3,q6_7,X,130,mwpm_gap,si1000,50000,24810,0,2.51
d3_at_q6_7/X/r130,3,q6_7,X,130,mwpm_gap,rl,50000,24474,0,2.69
d3_at_q6_7/Z/r130,3,q6_7,Z,130,mwpm_gap,si1000,50000,23725,1372,2.67
d3_at_q6_7/Z/r130,3,q6_7,Z,130,mwpm_gap,rl,50000,23728,0,2.49
d3_at_q8_5/X/r130,3,q8_5,X,130,mwpm_gap,si1000,50000,23191,0,2.06
d3_at_q8_5/X/r130,3,q8_5,X,130,mwpm_gap,rl,50000,23029,0,2.12
d3_at_q8_5/Z/r130,3,q8_5,Z,130,mwpm_gap,si1000,50000,22109,500,1.94
d3_at_q8_5/Z/r130,3,q8_5,Z,130,mwpm_gap,rl,50000,21951,0,1.97
d3_at_q10_7/X/r110,3,q10_7,X,110,mwpm_gap,si1000,50000,21376,0,1.82
d3_at_q10_7/X/r110,3,q10_7,X,110,mwpm_gap,rl,50000,20369,0,1.85
d3_at_q10_7/Z/r110,3,q10_7,Z,110,mwpm_gap,si1000,50000,21591,525,1.9
d3_at_q10_7/Z/r110,3,q10_7,Z,110,mwpm_gap,rl,50000,21269,0,1.99
d3_at_q8_9/X/r130,3,q8_9,X,130,mwpm_gap,si1000,50000,24392,0,2.42
d3_at_q8_9/X/r130,3,q8_9,X,130,mwpm_gap,rl,50000,24216,0,2.34
d3_at_q2_7/X/r110,3,q2_7,X,110,mwpm_gap,si1000,50000,21126,0,1.61
d3_at_q2_7/X/r110,3,q2_7,X,110,mwpm_gap,rl,50000,20740,0,1.51
d3_at_q2_7/Z/r110,3,q2_7,Z,110,mwpm_gap,si1000,50000,20540,461,1.58
d3_at_q2_7/Z/r110,3,q2_7,Z,110,mwpm_gap,rl,50000,20072,0,1.39
d3_at_q8_9/Z/r130,3,q8_9,Z,130,mwpm_gap,si1000,50000,24323,878,2.72
d3_at_q8_9/Z/r130,3,q8_9,Z,130,mwpm_gap,rl,50000,24246,0,3.05
d3_at_q4_5/X/r110,3,q4_5,X,110,mwpm_gap,si1000,50000,22126,0,1.77
d3_at_q4_5/X/r110,3,q4_5,X,110,mwpm_gap,rl,50000,20920,0,1.87
d3_at_q4_5/Z/r110,3,q4_5,Z,110,mwpm_gap,si1000,50000,20618,517,1.55
d3_at_q4_5/Z/r110,3,q4_5,Z,110,mwpm_gap,rl,50000,20384,0,1.51
d3_at_q4_9/X/r110,3,q4_9,X,110,mwpm_gap,si1000,50000,22694,0,1.79
d3_at_q4_9/X/r110,3,q4_9,X,110,mwpm_gap,rl,50000,22733,0,1.69
d3_at_q4_9/Z/r110,3,q4_9,Z,110,mwpm_gap,si1000,50000,21331,562,1.71
d3_at_q4_9/Z/r110,3,q4_9,Z,110,mwpm_gap,rl,50000,21025,0,1.62
d3_at_q6_11/X/r110,3,q6_11,X,110,mwpm_gap,si1000,50000,22079,0,1.69
d3_at_q6_11/X/r110,3,q6_11,X,110,mwpm_gap,rl,50000,22089,0,1.63
d3_at_q6_3/X/r110,3,q6_3,X,110,mwpm_gap,si1000,50000,21589,0,1.58
d3_at_q6_3/X/r110,3,q6_3,X,110,mwpm_gap,rl,50000,22278,0,1.56
d3_at_q6_11/Z/r110,3,q6_11,Z,110,mwpm_gap,si1000,50000,22923,558,1.95
d3_at_q6_11/Z/r110,3,q6_11,Z,110,mwpm_gap,rl,50000,22582,0,1.89
d3_at_q6_3/Z/r110,3,q6_3,Z,110,mwpm_gap,si1000,50000,21197,330,1.69
d3_at_q6_3/Z/r110,3,q6_3,Z,110,mwpm_gap,rl,50000,21046,0,1.79
d3_at_q6_7/X/r110,3,q6_7,X,110,mwpm_gap,si1000,50000,24425,0,2.06
d3_at_q6_7/X/r110,3,q6_7,X,110,mwpm_gap,rl,50000,24098,0,2.17
d3_at_q6_7/Z/r110,3,q6_7,Z,110,mwpm_gap,si1000,50000,23290,1198,2.18
d3_at_q6_7/Z/r110,3,q6_7,Z,110,mwpm_gap,rl,50000,23312,0,2.03
d3_at_q8_5/Z/r110,3,q8_5,Z,110,mwpm_gap,si1000,50000,20681,388,1.6
d3_at_q8_5/Z/r110,3,q8_5,Z,110,mwpm_gap,rl,50000,20497,0,1.58
d3_at_q8_5/X/r110,3,q8_5,X,110,mwpm_gap,si1000,50000,22539,0,1.75
d3_at_q8_5/X/r110,3,q8_5,X,110,mwpm_gap,rl,50000,22188,0,1.75
d3_at_q10_7/X/r90,3,q10_7,X,90,mwpm_gap,si1000,50000,19270,0,1.44
d3_at_q10_7/X/r90,3,q10_7,X,90,mwpm_gap,rl,50000,18499,0,1.46
d3_at_q8_9/X/r110,3,q8_9,X,110,mwpm_gap,si1000,50000,24032,0,1.97
d3_at_q8_9/X/r110,3,q8_9,X,110,mwpm_gap,rl,50000,23831,0,1.9
d3_at_q10_7/Z/r90,3,q10_7,Z,90,mwpm_gap,si1000,50000,20143,414,1.44
d3_at_q10_7/Z/r90,3,q10_7,Z,90,mwpm_gap,rl,50000,19705,0,1.52
d3_at_q2_7/X/r90,3,q2_7,X,90,mwpm_gap,si1000,50000,22248,0,1.39
d3_at_q2_7/X/r90,3,q2_7,X,90,mwpm_gap,rl,50000,21525,0,1.31
d3_at_q8_9/Z/r110,3,q8_9,Z,110,mwpm_gap,si1000,50000,23860,750,2.25
d3_at_q8_9/Z/r110,3,q8_9,Z,110,mwpm_gap,rl,50000,23753,0,2.42
d3_at_q2_7/Z/r90,3,q2_7,Z,90,mwpm_gap,si1000,50000,19991,568,1.28
d3_at_q2_7/Z/r90,3,q2_7,Z,90,mwpm_gap,rl,50000,19464,0,1.13
d3_at_q4_5/Z/r90,3,q4_5,Z,90,mwpm_gap,si1000,50000,20708,425,1.29
d3_at_q4_5/Z/r90,3,q4_5,Z,90,mwpm_gap,rl,50000,20267,0,1.26
d3_at_q4_9/X/r90,3,q4_9,X,90,mwpm_gap,si1000,50000,22510,0,1.46
d3_at_q4_9/X/r90,3,q4_9,X,90,mwpm_gap,rl,50000,22761,0,1.31
d3_at_q4_5/X/r90,3,q4_5,X,90,mwpm_gap,si1000,50000,21746,0,1.73
d3_at_q4_5/X/r90,3,q4_5,X,90,mwpm_gap,rl,50000,21121,0,1.82
d3_at_q4_9/Z/r90,3,q4_9,Z,90,mwpm_gap,si1000,50000,22376,640,1.7
d3_at_q4_9/Z/r90,3,q4_9,Z,90,mwpm_gap,rl,50000,22296,0,1.56
d3_at_q6_3/X/r90,3,q6_3,X,90,mwpm_gap,si1000,50000,20033,0,1.29
d3_at_q6_3/X/r90,3,q6_3,X,90,mwpm_gap,rl,50000,21072,0,1.25
d3_at_q6_11/X/r90,3,q6_11,X,90,mwpm_gap,si1000,50000,22754,0,1.71
d3_at_q6_11/X/r90,3,q6_11,X,90,mwpm_gap,rl,50000,22621,0,1.66
d3_at_q6_3/Z/r90,3,q6_3,Z,90,mwpm_gap,si1000,50000,19847,306,1.33
d3_at_q6_3/Z/r90,3,q6_3,Z,90,mwpm_gap,rl,50000,19765,0,1.41
d3_at_q6_11/Z/r90,3,q6_11,Z,90,mwpm_gap,si1000,50000,22838,671,1.78
d3_at_q6_11/Z/r90,3,q6_11,Z,90,mwpm_gap,rl,50000,22711,0,1.73
d3_at_q8_5/X/r90,3,q8_5,X,90,mwpm_gap,si1000,50000,20776,0,1.35
d3_at_q8_5/X/r90,3,q8_5,X,90,mwpm_gap,rl,50000,20444,0,1.34
d3_at_q8_5/Z/r90,3,q8_5,Z,90,mwpm_gap,si1000,50000,19574,311,1.35
d3_at_q8_5/Z/r90,3,q8_5,Z,90,mwpm_gap,rl,50000,19495,0,1.31
d3_at_q6_7/X/r90,3,q6_7,X,90,mwpm_gap,si1000,50000,24631,0,2.14
d3_at_q6_7/X/r90,3,q6_7,X,90,mwpm_gap,rl,50000,24438,0,2.2
d3_at_q8_9/X/r90,3,q8_9,X,90,mwpm_gap,si1000,50000,23761,0,1.62
d3_at_q8_9/X/r90,3,q8_9,X,90,mwpm_gap,rl,50000,23437,0,1.56
d3_at_q6_7/Z/r90,3,q6_7,Z,90,mwpm_gap,si1000,50000,23908,1559,2.25
d3_at_q6_7/Z/r90,3,q6_7,Z,90,mwpm_gap,rl,50000,23844,0,2.05
d3_at_q8_9/Z/r90,3,q8_9,Z,90,mwpm_gap,si1000,50000,22888,735,1.83
d3_at_q8_9/Z/r90,3,q8_9,Z,90,mwpm_gap,rl,50000,22882,0,1.96
d5_at_q4_7/X/r30,5,q4_7,X,30,mwpm_gap,si1000,50000,8206,0,2.44
d5_at_q4_7/X/r30,5,q4_7,X,30,mwpm_gap,rl,50000,7960,0,2.41
d5_at_q4_7/Z/r30,5,q4_7,Z,30,mwpm_gap,si1000,50000,6584,39,2.49
d5_at_q4_7/Z/r30,5,q4_7,Z,30,mwpm_gap,rl,50000,6320,0,2.42
d5_at_q6_5/X/r30,5,q6_5,X,30,mwpm_gap,si1000,50000,9132,0,2.68
d5_at_q6_5/X/r30,5,q6_5,X,30,mwpm_gap,rl,50000,8546,0,2.71
d5_at_q6_5/Z/r30,5,q6_5,Z,30,mwpm_gap,si1000,50000,8198,67,2.58
d5_at_q6_5/Z/r30,5,q6_5,Z,30,mwpm_gap,rl,50000,8302,0,2.54
d5_at_q6_9/X/r30,5,q6_9,X,30,mwpm_gap,si1000,50000,9213,0,2.57
d5_at_q6_9/X/r30,5,q6_9,X,30,mwpm_gap,rl,50000,9166,0,2.51
d5_at_q6_9/Z/r30,5,q6_9,Z,30,mwpm_gap,si1000,50000,10126,48,2.74
d5_at_q6_9/Z/r30,5,q6_9,Z,30,mwpm_gap,rl,50000,10354,0,2.71
d5_at_q8_7/X/r30,5,q8_7,X,30,mwpm_gap,si1000,50000,10093,0,2.86
d5_at_q8_7/X/r30,5,q8_7,X,30,mwpm_gap,rl,50000,9843,0,2.91
d3_at_q10_7/X/r70,3,q10_7,X,70,mwpm_gap,si1000,50000,17129,0,1.06
d3_at_q10_7/X/r70,3,q10_7,X,70,mwpm_gap,rl,50000,16050,0,1.12
d3_at_q10_7/Z/r70,3,q10_7,Z,70,mwpm_gap,si1000,50000,18666,307,1.1
d3_at_q10_7/Z/r70,3,q10_7,Z,70,mwpm_gap,rl,50000,18312,0,1.19
d5_at_q8_7/Z/r30,5,q8_7,Z,30,mwpm_gap,si1000,50000,8886,63,2.89
d5_at_q8_7/Z/r30,5,q8_7,Z,30,mwpm_gap,rl,50000,8714,0,2.89
d3_at_q2_7/X/r70,3,q2_7,X,70,mwpm_gap,si1000,50000,17243,0,0.97
d3_at_q2_7/X/r70,3,q2_7,X,70,mwpm_gap,rl,50000,16748,0,0.97
d3_at_q2_7/Z/r70,3,q2_7,Z,70,mwpm_gap,si1000,50000,16953,385,1.03
d3_at_q2_7/Z/r70,3,q2_7,Z,70,mwpm_gap,rl,50000,16541,0,0.93
d3_at_q4_5/X/r70,3,q4_5,X,70,mwpm_gap,si1000,50000,18747,0,1.13
d3_at_q4_5/X/r70,3,q4_5,X,70,mwpm_gap,rl,50000,16994,0,1.18
d3_at_q4_5/Z/r70,3,q4_5,Z,70,mwpm_gap,si1000,50000,16733,374,1.01
d3_at_q4_5/Z/r70,3,q4_5,Z,70,mwpm_gap,rl,50000,16496,0,0.95
d7_at_q6_7/X/r13,7,q6_7,X,13,mwpm_gap,si1000,50000,2298,4,3.2
d7_at_q6_7/X/r13,7,q6_7,X,13,mwpm_gap,rl,50000,2233,0,3.36
d3_at_q4_9/X/r70,3,q4_9,X,70,mwpm_gap,si1000,50000,18864,0,1.04
d3_at_q4_9/X/r70,3,q4_9,X,70,mwpm_gap,rl,50000,18870,0,0.92
d3_at_q4_9/Z/r70,3,q4_9,Z,70,mwpm_gap,si1000,50000,17680,395,1.07
d3_at_q4_9/Z/r70,3,q4_9,Z,70,mwpm_gap,rl,50000,17506,0,0.98
d3_at_q6_11/X/r70,3,q6_11,X,70,mwpm_gap,si1000,50000,19771,0,1.18
d3_at_q6_11/X/r70,3,q6_11,X,70,mwpm_gap,rl,50000,19932,0,1.08
d7_at_q6_7/Z/r13,7,q6_7,Z,13,mwpm_gap,si1000,50000,1998,4,3.25
d7_at_q6_7/Z/r13,7,q6_7,Z,13,mwpm_gap,rl,50000,1898,0,3.37
d3_at_q6_11/Z/r70,3,q6_11,Z,70,mwpm_gap,si1000,50000,19759,345,1.25
d3_at_q6_11/Z/r70,3,q6_11,Z,70,mwpm_gap,rl,50000,19364,0,1.2
d3_at_q6_3/X/r70,3,q6_3,X,70,mwpm_gap,si1000,50000,17153,0,0.95
d3_at_q6_3/X/r70,3,q6_3,X,70,mwpm_gap,rl,50000,17424,0,0.93
d3_at_q6_3/Z/r70,3,q6_3,Z,70,mwpm_gap,si1000,50000,16777,192,1.02
d3_at_q6_3/Z/r70,3,q6_3,Z,70,mwpm_gap,rl,50000,16479,0,1.03
d3_at_q8_5/Z/r70,3,q8_5,Z,70,mwpm_gap,si1000,50000,16665,252,1.05
d3_at_q8_5/Z/r70,3,q8_5,Z,70,mwpm_gap,rl,50000,16481,0,1.05
d3_at_q6_7/Z/r70,3,q6_7,Z,70,mwpm_gap,si1000,50000,20096,754,1.29
d3_at_q6_7/Z/r70,3,q6_7,Z,70,mwpm_gap,rl,50000,19941,0,1.17
d3_at_q6_7/X/r70,3,q6_7,X,70,mwpm_gap,si1000,50000,23075,0,1.26
d3_at_q6_7/X/r70,3,q6_7,X,70,mwpm_gap,rl,50000,22946,0,1.31
d3_at_q8_5/X/r70,3,q8_5,X,70,mwpm_gap,si1000,50000,20891,0,1.23
d3_at_q8_5/X/r70,3,q8_5,X,70,mwpm_gap,rl,50000,19937,0,1.23
d3_at_q8_9/X/r70,3,q8_9,X,70,mwpm_gap,si1000,50000,22067,0,1.21
d3_at_q8_9/X/r70,3,q8_9,X,70,mwpm_gap,rl,50000,21776,0,1.15
d3_at_q2_7/Z/r50,3,q2_7,Z,50,mwpm_gap,si1000,50000,13361,197,0.68
d3_at_q2_7/Z/r50,3,q2_7,Z,50,mwpm_gap,rl,50000,12893,0,0.58
d3_at_q2_7/X/r50,3,q2_7,X,50,mwpm_gap,si1000,50000,14319,0,0.71
d3_at_q2_7/X/r50,3,q2_7,X,50,mwpm_gap,rl,50000,13872,0,0.7
d3_at_q10_7/X/r50,3,q10_7,X,50,mwpm_gap,si1000,50000,13964,0,0.76
d3_at_q10_7/X/r50,3,q10_7,X,50,mwpm_gap,rl,50000,12997,0,0.77
d3_at_q10_7/Z/r50,3,q10_7,Z,50,mwpm_gap,si1000,50000,14562,193,0.76
d3_at_q10_7/Z/r50,3,q10_7,Z,50,mwpm_gap,rl,50000,13826,0,0.81
d3_at_q8_9/Z/r70,3,q8_9,Z,70,mwpm_gap,si1000,50000,21019,534,1.33
d3_at_q8_9/Z/r70,3,q8_9,Z,70,mwpm_gap,rl,50000,20907,0,1.4
d3_at_q4_5/X/r50,3,q4_5,X,50,mwpm_gap,si1000,50000,15793,0,0.76
d3_at_q4_5/X/r50,3,q4_5,X,50,mwpm_gap,rl,50000,14191,0,0.83
d3_at_q4_5/Z/r50,3,q4_5,Z,50,mwpm_gap,si1000,50000,13688,223,0.73
d3_at_q4_5/Z/r50,3,q4_5,Z,50,mwpm_gap,rl,50000,13507,0,0.67
d3_at_q4_9/X/r50,3,q4_9,X,50,mwpm_gap,si1000,50000,16178,0,0.76
d3_at_q4_9/X/r50,3,q4_9,X,50,mwpm_gap,rl,50000,16210,0,0.68
d3_at_q4_9/Z/r50,3,q4_9,Z,50,mwpm_gap,si1000,50000,14285,271,0.75
d3_at_q4_9/Z/r50,3,q4_9,Z,50,mwpm_gap,rl,50000,14099,0,0.69
d3_at_q6_11/X/r50,3,q6_11,X,50,mwpm_gap,si1000,50000,15358,0,0.75
d3_at_q6_11/X/r50,3,q6_11,X,50,mwpm_gap,rl,50000,15235,0,0.71
d3_at_q6_11/Z/r50,3,q6_11,Z,50,mwpm_gap,si1000,50000,16683,226,0.87
d3_at_q6_11/Z/r50,3,q6_11,Z,50,mwpm_gap,rl,50000,16212,0,0.81
d3_at_q6_3/X/r50,3,q6_3,X,50,mwpm_gap,si1000,50000,14132,0,0.7
d3_at_q6_3/X/r50,3,q6_3,X,50,mwpm_gap,rl,50000,14623,0,0.68
d7_at_q6_7/X/r10,7,q6_7,X,10,mwpm_gap,si1000,50000,1709,1,2.54
d7_at_q6_7/X/r10,7,q6_7,X,10,mwpm_gap,rl,50000,1651,0,2.59
d3_at_q6_3/Z/r50,3,q6_3,Z,50,mwpm_gap,si1000,50000,13464,183,0.73
d3_at_q6_3/Z/r50,3,q6_3,Z,50,mwpm_gap,rl,50000,13278,0,0.73
d3_at_q8_5/X/r50,3,q8_5,X,50,mwpm_gap,si1000,50000,15035,0,0.73
d3_at_q8_5/X/r50,3,q8_5,X,50,mwpm_gap,rl,50000,14868,0,0.73
d7_at_q6_7/Z/r10,7,q6_7,Z,10,mwpm_gap,si1000,50000,1358,1,2.57
d7_at_q6_7/Z/r10,7,q6_7,Z,10,mwpm_gap,rl,50000,1335,0,2.62
d3_at_q6_7/Z/r50,3,q6_7,Z,50,mwpm_gap,si1000,50000,16371,475,0.85
d3_at_q6_7/Z/r50,3,q6_7,Z,50,mwpm_gap,rl,50000,16190,0,0.78
d3_at_q6_7/X/r50,3,q6_7,X,50,mwpm_gap,si1000,50000,19189,0,0.83
d3_at_q6_7/X/r50,3,q6_7,X,50,mwpm_gap,rl,50000,18583,0,0.83
d3_at_q8_5/Z/r50,3,q8_5,Z,50,mwpm_gap,si1000,50000,14642,171,0.78
d3_at_q8_5/Z/r50,3,q8_5,Z,50,mwpm_gap,rl,50000,14521,0,0.78
d3_at_q8_9/X/r50,3,q8_9,X,50,mwpm_gap,si1000,50000,19459,0,0.84
d3_at_q8_9/X/r50,3,q8_9,X,50,mwpm_gap,rl,50000,18964,0,0.81
d3_at_q8_9/Z/r50,3,q8_9,Z,50,mwpm_gap,si1000,50000,18121,299,0.94
d3_at_q8_9/Z/r50,3,q8_9,Z,50,mwpm_gap,rl,50000,17794,0,0.94
d5_at_q4_7/X/r13,5,q4_7,X,13,mwpm_gap,si1000,50000,3448,0,1.22
d5_at_q4_7/X/r13,5,q4_7,X,13,mwpm_gap,rl,50000,3339,0,1.17
d5_at_q4_7/Z/r13,5,q4_7,Z,13,mwpm_gap,si1000,50000,2864,16,1.24
d5_at_q4_7/Z/r13,5,q4_7,Z,13,mwpm_gap,rl,50000,2716,0,1.2
d5_at_q6_5/X/r13,5,q6_5,X,13,mwpm_gap,si1000,50000,3581,0,1.28
d5_at_q6_5/X/r13,5,q6_5,X,13,mwpm_gap,rl,50000,3412,0,1.25
d5_at_q6_9/X/r13,5,q6_9,X,13,mwpm_gap,si1000,50000,3936,0,1.26
d5_at_q6_9/X/r13,5,q6_9,X,13,mwpm_gap,rl,50000,3785,0,1.22
d5_at_q6_5/Z/r13,5,q6_5,Z,13,mwpm_gap,si1000,50000,2960,16,1.28
d5_at_q6_5/Z/r13,5,q6_5,Z,13,mwpm_gap,rl,50000,2837,0,1.24
d5_at_q6_9/Z/r13,5,q6_9,Z,13,mwpm_gap,si1000,50000,3746,14,1.34
d5_at_q6_9/Z/r13,5,q6_9,Z,13,mwpm_gap,rl,50000,3586,0,1.3
d3_at_q10_7/X/r30,3,q10_7,X,30,mwpm_gap,si1000,50000,11019,0,0.6
d3_at_q10_7/X/r30,3,q10_7,X,30,mwpm_gap,rl,50000,10880,0,0.62
d5_at_q8_7/X/r13,5,q8_7,X,13,mwpm_gap,si1000,50000,3932,0,1.37
d5_at_q8_7/X/r13,5,q8_7,X,13,mwpm_gap,rl,50000,3717,0,1.36
d3_at_q10_7/Z/r30,3,q10_7,Z,30,mwpm_gap,si1000,50000,9959,121,0.5
d3_at_q10_7/Z/r30,3,q10_7,Z,30,mwpm_gap,rl,50000,9552,0,0.53
d3_at_q2_7/X/r30,3,q2_7,X,30,mwpm_gap,si1000,50000,9920,0,0.45
d3_at_q2_7/X/r30,3,q2_7,X,30,mwpm_gap,rl,50000,9337,0,0.44
d3_at_q2_7/Z/r30,3,q2_7,Z,30,mwpm_gap,si1000,50000,9422,148,0.48
d3_at_q2_7/Z/r30,3,q2_7,Z,30,mwpm_gap,rl,50000,9132,0,0.4
d3_at_q4_5/X/r30,3,q4_5,X,30,mwpm_gap,si1000,50000,10827,0,0.48
d3_at_q4_5/X/r30,3,q4_5,X,30,mwpm_gap,rl,50000,9588,0,0.53
d3_at_q4_5/Z/r30,3,q4_5,Z,30,mwpm_gap,si1000,50000,9583,140,0.47
d3_at_q4_5/Z/r30,3,q4_5,Z,30,mwpm_gap,rl,50000,9454,0,0.42
d5_at_q8_7/Z/r13,5,q8_7,Z,13,mwpm_gap,si1000,50000,3509,18,1.29
d5_at_q8_7/Z/r13,5,q8_7,Z,13,mwpm_gap,rl,50000,3415,0,1.28
d3_at_q4_9/X/r30,3,q4_9,X,30,mwpm_gap,si1000,50000,11234,0,0.47
d3_at_q4_9/X/r30,3,q4_9,X,30,mwpm_gap,rl,50000,11199,0,0.41
d3_at_q4_9/Z/r30,3,q4_9,Z,30,mwpm_gap,si1000,50000,10056,149,0.48
d3_at_q4_9/Z/r30,3,q4_9,Z,30,mwpm_gap,rl,50000,9909,0,0.43
d3_at_q6_11/X/r30,3,q6_11,X,30,mwpm_gap,si1000,50000,11107,0,0.47
d3_at_q6_11/X/r30,3,q6_11,X,30,mwpm_gap,rl,50000,10979,0,0.45
d3_at_q6_3/X/r30,3,q6_3,X,30,mwpm_gap,si1000,50000,11775,0,0.48
d3_at_q6_3/X/r30,3,q6_3,X,30,mwpm_gap,rl,50000,11356,0,0.46
d3_at_q6_11/Z/r30,3,q6_11,Z,30,mwpm_gap,si1000,50000,11854,124,0.54
d3_at_q6_11/Z/r30,3,q6_11,Z,30,mwpm_gap,rl,50000,11380,0,0.51
d3_at_q6_3/Z/r30,3,q6_3,Z,30,mwpm_gap,si1000,50000,11335,137,0.49
d3_at_q6_3/Z/r30,3,q6_3,Z,30,mwpm_gap,rl,50000,11573,0,0.46
d3_at_q6_7/X/r30,3,q6_7,X,30,mwpm_gap,si1000,50000,15841,0,0.53
d3_at_q6_7/X/r30,3,q6_7,X,30,mwpm_gap,rl,50000,14969,0,0.53
d3_at_q8_5/X/r30,3,q8_5,X,30,mwpm_gap,si1000,50000,12836,0,0.5
d3_at_q8_5/X/r30,3,q8_5,X,30,mwpm_gap,rl,50000,13187,0,0.49
d3_at_q6_7/Z/r30,3,q6_7,Z,30,mwpm_gap,si1000,50000,12693,300,0.58
d3_at_q6_7/Z/r30,3,q6_7,Z,30,mwpm_gap,rl,50000,12492,0,0.53
d3_at_q8_9/X/r30,3,q8_9,X,30,mwpm_gap,si1000,50000,16185,0,0.56
d3_at_q8_9/X/r30,3,q8_9,X,30,mwpm_gap,rl,50000,15699,0,0.52
d3_at_q8_5/Z/r30,3,q8_5,Z,30,mwpm_gap,si1000,50000,16824,88,0.6
d3_at_q8_5/Z/r30,3,q8_5,Z,30,mwpm_gap,rl,50000,16830,0,0.57
d3_at_q8_9/Z/r30,3,q8_9,Z,30,mwpm_gap,si1000,50000,13583,185,0.59
d3_at_q8_9/Z/r30,3,q8_9,Z,30,mwpm_gap,rl,50000,13167,0,0.58
d5_at_q4_7/X/r10,5,q4_7,X,10,mwpm_gap,si1000,50000,2573,0,0.97
d5_at_q4_7/X/r10,5,q4_7,X,10,mwpm_gap,rl,50000,2536,0,0.93
d5_at_q4_7/Z/r10,5,q4_7,Z,10,mwpm_gap,si1000,50000,2174,6,1.01
d5_at_q4_7/Z/r10,5,q4_7,Z,10,mwpm_gap,rl,50000,2087,0,0.96
d3_at_q10_7/X/r13,3,q10_7,X,13,mwpm_gap,si1000,50000,4556,0,0.25
d3_at_q10_7/X/r13,3,q10_7,X,13,mwpm_gap,rl,50000,4151,0,0.24
d5_at_q6_5/X/r10,5,q6_5,X,10,mwpm_gap,si1000,50000,2796,0,1.04
d5_at_q6_5/X/r10,5,q6_5,X,10,mwpm_gap,rl,50000,2652,0,1.01
d3_at_q10_7/Z/r13,3,q10_7,Z,13,mwpm_gap,si1000,50000,5286,46,0.26
d3_at_q10_7/Z/r13,3,q10_7,Z,13,mwpm_gap,rl,50000,4575,0,0.27
d5_at_q6_5/Z/r10,5,q6_5,Z,10,mwpm_gap,si1000,50000,2233,8,1.02
d5_at_q6_5/Z/r10,5,q6_5,Z,10,mwpm_gap,rl,50000,2116,0,1.0
d5_at_q6_9/X/r10,5,q6_9,X,10,mwpm_gap,si1000,50000,2913,0,1.0
d5_at_q6_9/X/r10,5,q6_9,X,10,mwpm_gap,rl,50000,2880,0,0.98
d3_at_q2_7/X/r13,3,q2_7,X,13,mwpm_gap,si1000,50000,4760,0,0.23
d3_at_q2_7/X/r13,3,q2_7,X,13,mwpm_gap,rl,50000,4534,0,0.22
d3_at_q2_7/Z/r13,3,q2_7,Z,13,mwpm_gap,si1000,50000,4528,34,0.23
d3_at_q2_7/Z/r13,3,q2_7,Z,13,mwpm_gap,rl,50000,4309,0,0.2
d3_at_q4_5/X/r13,3,q4_5,X,13,mwpm_gap,si1000,50000,5572,0,0.25
d3_at_q4_5/X/r13,3,q4_5,X,13,mwpm_gap,rl,50000,4994,0,0.27
d5_at_q6_9/Z/r10,5,q6_9,Z,10,mwpm_gap,si1000,50000,2859,8,1.08
d5_at_q6_9/Z/r10,5,q6_9,Z,10,mwpm_gap,rl,50000,2756,0,1.06
d5_at_q8_7/Z/r10,5,q8_7,Z,10,mwpm_gap,si1000,50000,2883,10,1.04
d5_at_q8_7/Z/r10,5,q8_7,Z,10,mwpm_gap,rl,50000,2774,0,1.03
d5_at_q8_7/X/r10,5,q8_7,X,10,mwpm_gap,si1000,50000,3115,0,1.1
d5_at_q8_7/X/r10,5,q8_7,X,10,mwpm_gap,rl,50000,2992,0,1.09
d3_at_q4_5/Z/r13,3,q4_5,Z,13,mwpm_gap,si1000,50000,4518,54,0.25
d3_at_q4_5/Z/r13,3,q4_5,Z,13,mwpm_gap,rl,50000,4339,0,0.23
d3_at_q4_9/X/r13,3,q4_9,X,13,mwpm_gap,si1000,50000,5470,0,0.24
d3_at_q4_9/X/r13,3,q4_9,X,13,mwpm_gap,rl,50000,5481,0,0.22
d3_at_q4_9/Z/r13,3,q4_9,Z,13,mwpm_gap,si1000,50000,4739,56,0.25
d3_at_q4_9/Z/r13,3,q4_9,Z,13,mwpm_gap,rl,50000,4610,0,0.23
d3_at_q6_11/X/r13,3,q6_11,X,13,mwpm_gap,si1000,50000,5678,0,0.24
d3_at_q6_11/X/r13,3,q6_11,X,13,mwpm_gap,rl,50000,5487,0,0.23
d3_at_q6_3/X/r13,3,q6_3,X,13,mwpm_gap,si1000,50000,4890,0,0.23
d3_at_q6_3/X/r13,3,q6_3,X,13,mwpm_gap,rl,50000,5034,0,0.22
d3_at_q6_11/Z/r13,3,q6_11,Z,13,mwpm_gap,si1000,50000,5805,34,0.28
d3_at_q6_11/Z/r13,3,q6_11,Z,13,mwpm_gap,rl,50000,5478,0,0.26
d3_at_q6_3/Z/r13,3,q6_3,Z,13,mwpm_gap,si1000,50000,4570,30,0.25
d3_at_q6_3/Z/r13,3,q6_3,Z,13,mwpm_gap,rl,50000,4446,0,0.25
d3_at_q6_7/X/r13,3,q6_7,X,13,mwpm_gap,si1000,50000,7930,0,0.25
d3_at_q6_7/X/r13,3,q6_7,X,13,mwpm_gap,rl,50000,7432,0,0.25
d3_at_q8_5/X/r13,3,q8_5,X,13,mwpm_gap,si1000,50000,5245,0,0.23
d3_at_q8_5/X/r13,3,q8_5,X,13,mwpm_gap,rl,50000,5064,0,0.23
d3_at_q6_7/Z/r13,3,q6_7,Z,13,mwpm_gap,si1000,50000,5874,90,0.27
d3_at_q6_7/Z/r13,3,q6_7,Z,13,mwpm_gap,rl,50000,5819,0,0.24
d3_at_q8_5/Z/r13,3,q8_5,Z,13,mwpm_gap,si1000,50000,4255,38,0.25
d3_at_q8_5/Z/r13,3,q8_5,Z,13,mwpm_gap,rl,50000,4185,0,0.23
d3_at_q8_9/X/r13,3,q8_9,X,13,mwpm_gap,si1000,50000,7925,0,0.26
d3_at_q8_9/X/r13,3,q8_9,X,13,mwpm_gap,rl,50000,7694,0,0.24
d3_at_q10_7/X/r10,3,q10_7,X,10,mwpm_gap,si1000,50000,3537,0,0.2
d3_at_q10_7/X/r10,3,q10_7,X,10,mwpm_gap,rl,50000,3228,0,0.19
d3_at_q10_7/Z/r10,3,q10_7,Z,10,mwpm_gap,si1000,50000,3997,28,0.21
d3_at_q10_7/Z/r10,3,q10_7,Z,10,mwpm_gap,rl,50000,3630,0,0.22
d3_at_q2_7/X/r10,3,q2_7,X,10,mwpm_gap,si1000,50000,3558,0,0.19
d3_at_q2_7/X/r10,3,q2_7,X,10,mwpm_gap,rl,50000,3333,0,0.18
d3_at_q2_7/Z/r10,3,q2_7,Z,10,mwpm_gap,si1000,50000,3465,29,0.2
d3_at_q2_7/Z/r10,3,q2_7,Z,10,mwpm_gap,rl,50000,3353,0,0.17
d3_at_q4_5/X/r10,3,q4_5,X,10,mwpm_gap,si1000,50000,4258,0,0.2
d3_at_q4_5/X/r10,3,q4_5,X,10,mwpm_gap,rl,50000,3779,0,0.22
d3_at_q8_9/Z/r13,3,q8_9,Z,13,mwpm_gap,si1000,50000,7276,73,0.31
d3_at_q8_9/Z/r13,3,q8_9,Z,13,mwpm_gap,rl,50000,6853,0,0.3
d3_at_q4_5/Z/r10,3,q4_5,Z,10,mwpm_gap,si1000,50000,3648,33,0.2
d3_at_q4_5/Z/r10,3,q4_5,Z,10,mwpm_gap,rl,50000,3498,0,0.19
d3_at_q4_9/X/r10,3,q4_9,X,10,mwpm_gap,si1000,50000,4167,0,0.19
d3_at_q4_9/X/r10,3,q4_9,X,10,mwpm_gap,rl,50000,4210,0,0.18
d3_at_q4_9/Z/r10,3,q4_9,Z,10,mwpm_gap,si1000,50000,3845,39,0.21
d3_at_q4_9/Z/r10,3,q4_9,Z,10,mwpm_gap,rl,50000,3737,0,0.19
d3_at_q6_3/X/r10,3,q6_3,X,10,mwpm_gap,si1000,50000,3538,0,0.18
d3_at_q6_3/X/r10,3,q6_3,X,10,mwpm_gap,rl,50000,3709,0,0.18
d3_at_q6_11/X/r10,3,q6_11,X,10,mwpm_gap,si1000,50000,4112,0,0.2
d3_at_q6_11/X/r10,3,q6_11,X,10,mwpm_gap,rl,50000,4038,0,0.18
d3_at_q6_11/Z/r10,3,q6_11,Z,10,mwpm_gap,si1000,50000,4219,28,0.22
d3_at_q6_11/Z/r10,3,q6_11,Z,10,mwpm_gap,rl,50000,4024,0,0.21
d3_at_q6_3/Z/r10,3,q6_3,Z,10,mwpm_gap,si1000,50000,3175,24,0.21
d3_at_q6_3/Z/r10,3,q6_3,Z,10,mwpm_gap,rl,50000,3041,0,0.2
d3_at_q6_7/X/r10,3,q6_7,X,10,mwpm_gap,si1000,50000,6550,0,0.21
d3_at_q6_7/X/r10,3,q6_7,X,10,mwpm_gap,rl,50000,6065,0,0.21
d3_at_q6_7/Z/r10,3,q6_7,Z,10,mwpm_gap,si1000,50000,4709,56,0.22
d3_at_q6_7/Z/r10,3,q6_7,Z,10,mwpm_gap,rl,50000,4652,0,0.19
d3_at_q8_5/X/r10,3,q8_5,X,10,mwpm_gap,si1000,50000,4096,0,0.19
d3_at_q8_5/X/r10,3,q8_5,X,10,mwpm_gap,rl,50000,3916,0,0.19
d5_at_q4_7/X/r01,5,q4_7,X,1,mwpm_gap,si1000,50000,165,0,0.1
d5_at_q4_7/X/r01,5,q4_7,X,1,mwpm_gap,rl,50000,152,0,0.1
d3_at_q8_5/Z/r10,3,q8_5,Z,10,mwpm_gap,si1000,50000,3403,18,0.2
d3_at_q8_5/Z/r10,3,q8_5,Z,10,mwpm_gap,rl,50000,3350,0,0.18
d5_at_q4_7/Z/r01,5,q4_7,Z,1,mwpm_gap,si1000,50000,63,0,0.1
d5_at_q4_7/Z/r01,5,q4_7,Z,1,mwpm_gap,rl,50000,66,0,0.1
d3_at_q8_9/X/r10,3,q8_9,X,10,mwpm_gap,si1000,50000,6544,0,0.21
d3_at_q8_9/X/r10,3,q8_9,X,10,mwpm_gap,rl,50000,6325,0,0.2
d5_at_q6_5/X/r01,5,q6_5,X,1,mwpm_gap,si1000,50000,128,0,0.11
d5_at_q6_5/X/r01,5,q6_5,X,1,mwpm_gap,rl,50000,121,0,0.1
d3_at_q8_9/Z/r10,3,q8_9,Z,10,mwpm_gap,si1000,50000,5704,34,0.25
d3_at_q8_9/Z/r10,3,q8_9,Z,10,mwpm_gap,rl,50000,5349,0,0.25
d7_at_q6_7/X/r01,7,q6_7,X,1,mwpm_gap,si1000,50000,34,0,0.23
d7_at_q6_7/X/r01,7,q6_7,X,1,mwpm_gap,rl,50000,29,0,0.23
d5_at_q6_9/X/r01,5,q6_9,X,1,mwpm_gap,si1000,50000,144,0,0.1
d5_at_q6_9/X/r01,5,q6_9,X,1,mwpm_gap,rl,50000,132,0,0.1
d5_at_q6_5/Z/r01,5,q6_5,Z,1,mwpm_gap,si1000,50000,53,0,0.1
d5_at_q6_5/Z/r01,5,q6_5,Z,1,mwpm_gap,rl,50000,55,0,0.11
d3_at_q10_7/X/r01,3,q10_7,X,1,mwpm_gap,si1000,50000,209,0,0.03
d3_at_q10_7/X/r01,3,q10_7,X,1,mwpm_gap,rl,50000,217,0,0.03
d3_at_q10_7/Z/r01,3,q10_7,Z,1,mwpm_gap,si1000,50000,267,0,0.03
d3_at_q10_7/Z/r01,3,q10_7,Z,1,mwpm_gap,rl,50000,274,0,0.03
d5_at_q6_9/Z/r01,5,q6_9,Z,1,mwpm_gap,si1000,50000,65,0,0.1
d5_at_q6_9/Z/r01,5,q6_9,Z,1,mwpm_gap,rl,50000,68,0,0.1
d7_at_q6_7/Z/r01,7,q6_7,Z,1,mwpm_gap,si1000,50000,23,0,0.23
d7_at_q6_7/Z/r01,7,q6_7,Z,1,mwpm_gap,rl,50000,20,0,0.24
d3_at_q2_7/X/r01,3,q2_7,X,1,mwpm_gap,si1000,50000,289,0,0.03
d3_at_q2_7/X/r01,3,q2_7,X,1,mwpm_gap,rl,50000,280,0,0.03
d5_at_q8_7/X/r01,5,q8_7,X,1,mwpm_gap,si1000,50000,167,0,0.1
d5_at_q8_7/X/r01,5,q8_7,X,1,mwpm_gap,rl,50000,164,0,0.1
d3_at_q2_7/Z/r01,3,q2_7,Z,1,mwpm_gap,si1000,50000,327,0,0.03
d3_at_q2_7/Z/r01,3,q2_7,Z,1,mwpm_gap,rl,50000,310,0,0.03
d3_at_q4_5/X/r01,3,q4_5,X,1,mwpm_gap,si1000,50000,306,0,0.03
d3_at_q4_5/X/r01,3,q4_5,X,1,mwpm_gap,rl,50000,320,0,0.03
d3_at_q4_9/X/r01,3,q4_9,X,1,mwpm_gap,si1000,50000,243,0,0.03
d3_at_q4_9/X/r01,3,q4_9,X,1,mwpm_gap,rl,50000,253,0,0.03
d3_at_q4_5/Z/r01,3,q4_5,Z,1,mwpm_gap,si1000,50000,200,0,0.03
d3_at_q4_5/Z/r01,3,q4_5,Z,1,mwpm_gap,rl,50000,197,0,0.04
d3_at_q4_9/Z/r01,3,q4_9,Z,1,mwpm_gap,si1000,50000,190,0,0.03
d3_at_q4_9/Z/r01,3,q4_9,Z,1,mwpm_gap,rl,50000,208,0,0.03
d5_at_q8_7/Z/r01,5,q8_7,Z,1,mwpm_gap,si1000,50000,83,0,0.11
d5_at_q8_7/Z/r01,5,q8_7,Z,1,mwpm_gap,rl,50000,78,0,0.11
d3_at_q6_11/X/r01,3,q6_11,X,1,mwpm_gap,si1000,50000,186,0,0.03
d3_at_q6_11/X/r01,3,q6_11,X,1,mwpm_gap,rl,50000,200,0,0.03
d3_at_q6_3/X/r01,3,q6_3,X,1,mwpm_gap,si1000,50000,198,0,0.03
d3_at_q6_3/X/r01,3,q6_3,X,1,mwpm_gap,rl,50000,201,0,0.03
d3_at_q6_11/Z/r01,3,q6_11,Z,1,mwpm_gap,si1000,50000,151,0,0.03
d3_at_q6_11/Z/r01,3,q6_11,Z,1,mwpm_gap,rl,50000,171,0,0.03
d3_at_q10_7/X/r01,3,q10_7,X,1,exact,si1000,50000,206,0,0.0
d3_at_q10_7/X/r01,3,q10_7,X,1,exact,rl,50000,219,0,0.0
d3_at_q10_7/Z/r01,3,q10_7,Z,1,exact,si1000,50000,267,0,0.0
d3_at_q10_7/Z/r01,3,q10_7,Z,1,exact,rl,50000,249,0,0.0
d3_at_q6_3/Z/r01,3,q6_3,Z,1,mwpm_gap,si1000,50000,142,0,0.03
d3_at_q6_3/Z/r01,3,q6_3,Z,1,mwpm_gap,rl,50000,133,0,0.03
d3_at_q2_7/X/r01,3,q2_7,X,1,exact,si1000,50000,285,0,0.0
d3_at_q2_7/X/r01,3,q2_7,X,1,exact,rl,50000,265,0,0.0
d3_at_q2_7/Z/r01,3,q2_7,Z,1,exact,si1000,50000,324,0,0.0
d3_at_q2_7/Z/r01,3,q2_7,Z,1,exact,rl,50000,308,0,0.0
d3_at_q6_7/X/r01,3,q6_7,X,1,mwpm_gap,si1000,50000,917,0,0.04
d3_at_q6_7/X/r01,3,q6_7,X,1,mwpm_gap,rl,50000,909,0,0.04
d3_at_q6_7/Z/r01,3,q6_7,Z,1,mwpm_gap,si1000,50000,325,0,0.03
d3_at_q6_7/Z/r01,3,q6_7,Z,1,mwpm_gap,rl,50000,345,0,0.04
d3_at_q4_5/X/r01,3,q4_5,X,1,exact,si1000,50000,299,0,0.0
d3_at_q4_5/X/r01,3,q4_5,X,1,exact,rl,50000,303,0,0.0
d3_at_q8_5/X/r01,3,q8_5,X,1,mwpm_gap,si1000,50000,276,0,0.03
d3_at_q8_5/X/r01,3,q8_5,X,1,mwpm_gap,rl,50000,271,0,0.03
d3_at_q4_5/Z/r01,3,q4_5,Z,1,exact,si1000,50000,198,0,0.0
d3_at_q4_5/Z/r01,3,q4_5,Z,1,exact,rl,50000,197,0,0.0
d3_at_q4_9/X/r01,3,q4_9,X,1,exact,si1000,50000,250,0,0.0
d3_at_q4_9/X/r01,3,q4_9,X,1,exact,rl,50000,261,0,0.0
d3_at_q4_9/Z/r01,3,q4_9,Z,1,exact,si1000,50000,190,0,0.0
d3_at_q4_9/Z/r01,3,q4_9,Z,1,exact,rl,50000,192,0,0.0
d3_at_q6_11/X/r01,3,q6_11,X,1,exact,si1000,50000,187,0,0.0
d3_at_q6_11/X/r01,3,q6_11,X,1,exact,rl,50000,195,0,0.0
d3_at_q6_11/Z/r01,3,q6_11,Z,1,exact,si1000,50000,148,0,0.0
d3_at_q6_11/Z/r01,3,q6_11,Z,1,exact,rl,50000,167,0,0.0
d3_at_q6_3/X/r01,3,q6_3,X,1,exact,si1000,50000,196,0,0.0
d3_at_q6_3/X/r01,3,q6_3,X,1,exact,rl,50000,198,0,0.0
d3_at_q6_3/Z/r01,3,q6_3,Z,1,exact,si1000,50000,132,0,0.0
d3_at_q6_3/Z/r01,3,q6_3,Z,1,exact,rl,50000,135,0,0.0
d3_at_q6_7/X/r01,3,q6_7,X,1,exact,si1000,50000,914,0,0.0
d3_at_q6_7/X/r01,3,q6_7,X,1,exact,rl,50000,906,0,0.0
d3_at_q8_5/X/r01,3,q8_5,X,1,exact,si1000,50000,277,0,0.0
d3_at_q8_5/X/r01,3,q8_5,X,1,exact,rl,50000,268,0,0.0
d3_at_q6_7/Z/r01,3,q6_7,Z,1,exact,si1000,50000,326,0,0.0
d3_at_q6_7/Z/r01,3,q6_7,Z,1,exact,rl,50000,334,0,0.0
d3_at_q8_5/Z/r01,3,q8_5,Z,1,exact,si1000,50000,140,0,0.0
d3_at_q8_5/Z/r01,3,q8_5,Z,1,exact,rl,50000,194,0,0.0
d3_at_q8_9/X/r01,3,q8_9,X,1,exact,si1000,50000,833,0,0.0
d3_at_q8_9/X/r01,3,q8_9,X,1,exact,rl,50000,829,0,0.0
d3_at_q8_5/Z/r01,3,q8_5,Z,1,mwpm_gap,si1000,50000,140,0,0.03
d3_at_q8_5/Z/r01,3,q8_5,Z,1,mwpm_gap,rl,50000,165,0,0.03
d3_at_q8_9/Z/r01,3,q8_9,Z,1,exact,si1000,50000,295,0,0.0
d3_at_q8_9/Z/r01,3,q8_9,Z,1,exact,rl,50000,302,0,0.0
d3_at_q8_9/X/r01,3,q8_9,X,1,mwpm_gap,si1000,50000,827,0,0.03
d3_at_q8_9/X/r01,3,q8_9,X,1,mwpm_gap,rl,50000,836,0,0.03
d3_at_q8_9/Z/r01,3,q8_9,Z,1,mwpm_gap,si1000,50000,295,0,0.04
d3_at_q8_9/Z/r01,3,q8_9,Z,1,mwpm_gap,rl,50000,304,0,0.04
